season,week,poll,rank,school,points
2022,1,AP Top 25,1,Alabama,1566
2022,1,AP Top 25,2,Ohio State,1506
2022,1,AP Top 25,3,Georgia,1455
2022,1,AP Top 25,4,Clemson,1292
2022,1,AP Top 25,5,Notre Dame,1242
2022,1,AP Top 25,6,Texas A&M,1212
2022,1,AP Top 25,7,Utah,1209
2022,1,AP Top 25,8,Michigan,1203
2022,1,AP Top 25,9,Oklahoma,956
2022,1,AP Top 25,10,Baylor,884
2022,1,AP Top 25,11,Oregon,831
2022,1,AP Top 25,12,Oklahoma State,814
2022,1,AP Top 25,13,NC State,752
2022,1,AP Top 25,14,USC,711
2022,1,AP Top 25,15,Michigan State,631
2022,1,AP Top 25,16,Miami,476
2022,1,AP Top 25,17,Pittsburgh,383
2022,1,AP Top 25,18,Wisconsin,365
2022,1,AP Top 25,19,Arkansas,348
2022,1,AP Top 25,20,Kentucky,332
2022,1,AP Top 25,21,Ole Miss,324
2022,1,AP Top 25,22,Wake Forest,303
2022,1,AP Top 25,23,Cincinnati,265
2022,1,AP Top 25,24,Houston,263
2022,1,AP Top 25,25,BYU,234
2022,1,Coaches Poll,1,Alabama,1634
2022,1,Coaches Poll,2,Ohio State,1564
2022,1,Coaches Poll,3,Georgia,1542
2022,1,Coaches Poll,4,Clemson,1356
2022,1,Coaches Poll,5,Notre Dame,1284
2022,1,Coaches Poll,6,Michigan,1232
2022,1,Coaches Poll,7,Texas A&M,1219
2022,1,Coaches Poll,8,Utah,1134
2022,1,Coaches Poll,9,Oklahoma,1027
2022,1,Coaches Poll,10,Baylor,891
2022,1,Coaches Poll,11,Oklahoma State,859
2022,1,Coaches Poll,12,Oregon,734
2022,1,Coaches Poll,13,NC State,726
2022,1,Coaches Poll,14,Michigan State,711
2022,1,Coaches Poll,15,USC,602
2022,1,Coaches Poll,16,Pittsburgh,450
2022,1,Coaches Poll,17,Miami,433
2022,1,Coaches Poll,18,Texas,383
2022,1,Coaches Poll,19,Wake Forest,381
2022,1,Coaches Poll,20,Wisconsin,369
2022,1,Coaches Poll,21,Kentucky,353
2022,1,Coaches Poll,22,Cincinnati,339
2022,1,Coaches Poll,23,Arkansas,334
2022,1,Coaches Poll,24,Ole Miss,327
2022,1,Coaches Poll,25,Houston,257
2022,1,FCS Coaches Poll,1,North Dakota State,624
2022,1,FCS Coaches Poll,2,Montana,567
2022,1,FCS Coaches Poll,3,South Dakota State,566
2022,1,FCS Coaches Poll,4,Montana State,560
2022,1,FCS Coaches Poll,5,Villanova,493
2022,1,FCS Coaches Poll,6,Kennesaw State,453
2022,1,FCS Coaches Poll,7,Sacramento State,452
2022,1,FCS Coaches Poll,8,Missouri State,405
2022,1,FCS Coaches Poll,9,Southern Illinois,379
2022,1,FCS Coaches Poll,10,Stephen F. Austin,362
2022,1,FCS Coaches Poll,11,East Tennessee State,352
2022,1,FCS Coaches Poll,12,Eastern Washington,337
2022,1,FCS Coaches Poll,13,Chattanooga,294
2022,1,FCS Coaches Poll,14,Incarnate Word,277
2022,1,FCS Coaches Poll,15,UT Martin,257
2022,1,FCS Coaches Poll,16,Southeastern Louisiana,254
2022,1,FCS Coaches Poll,17,Jackson State,245
2022,1,FCS Coaches Poll,18,Holy Cross,184
2022,1,FCS Coaches Poll,19,Delaware,172
2022,1,FCS Coaches Poll,20,Weber State,141
2022,1,FCS Coaches Poll,21,Northern Iowa,119
2022,1,FCS Coaches Poll,22,UC Davis,101
2022,1,FCS Coaches Poll,23,Mercer,78
2022,1,FCS Coaches Poll,24,Rhode Island,66
2022,1,FCS Coaches Poll,24,Richmond,66
2022,1,AFCA Division II Coaches Poll,1,Ferris State,750
2022,1,AFCA Division II Coaches Poll,2,Northwest Missouri State,661
2022,1,AFCA Division II Coaches Poll,3,Valdosta State,656
2022,1,AFCA Division II Coaches Poll,4,Colorado Mines,654
2022,1,AFCA Division II Coaches Poll,5,Grand Valley State,596
2022,1,AFCA Division II Coaches Poll,6,Shepherd,550
2022,1,AFCA Division II Coaches Poll,7,Angelo State,494
2022,1,AFCA Division II Coaches Poll,8,Bowie State,479
2022,1,AFCA Division II Coaches Poll,9,Harding,467
2022,1,AFCA Division II Coaches Poll,10,Notre Dame College,465
2022,1,AFCA Division II Coaches Poll,11,West Florida,452
2022,1,AFCA Division II Coaches Poll,12,West Georgia,373
2022,1,AFCA Division II Coaches Poll,13,Kutztown,359
2022,1,AFCA Division II Coaches Poll,14,Nebraska-Kearney,318
2022,1,AFCA Division II Coaches Poll,15,Newberry,250
2022,1,AFCA Division II Coaches Poll,16,New Haven,243
2022,1,AFCA Division II Coaches Poll,17,Western State,226
2022,1,AFCA Division II Coaches Poll,18,Albany State (GA),160
2022,1,AFCA Division II Coaches Poll,19,Lenoir-Rhyne,154
2022,1,AFCA Division II Coaches Poll,19,Ouachita Baptist,154
2022,1,AFCA Division II Coaches Poll,21,California (PA),143
2022,1,AFCA Division II Coaches Poll,22,Bemidji State,137
2022,1,AFCA Division II Coaches Poll,23,Slippery Rock,131
2022,1,AFCA Division II Coaches Poll,24,Midwestern State,112
2022,1,AFCA Division II Coaches Poll,25,Augustana (SD),99
2022,2,FCS Coaches Poll,1,North Dakota State,698
2022,2,FCS Coaches Poll,2,Montana,666
2022,2,FCS Coaches Poll,3,South Dakota State,634
2022,2,FCS Coaches Poll,4,Montana State,624
2022,2,FCS Coaches Poll,5,Villanova,586
2022,2,FCS Coaches Poll,6,Sacramento State,539
2022,2,FCS Coaches Poll,7,Missouri State,506
2022,2,FCS Coaches Poll,8,East Tennessee State,417
2022,2,FCS Coaches Poll,9,Incarnate Word,410
2022,2,FCS Coaches Poll,10,Chattanooga,405
2022,2,FCS Coaches Poll,11,Eastern Washington,390
2022,2,FCS Coaches Poll,12,Stephen F. Austin,368
2022,2,FCS Coaches Poll,13,Delaware,354
2022,2,FCS Coaches Poll,14,UT Martin,346
2022,2,FCS Coaches Poll,15,Jackson State,343
2022,2,FCS Coaches Poll,16,Holy Cross,244
2022,2,FCS Coaches Poll,17,Weber State,225
2022,2,FCS Coaches Poll,18,Kennesaw State,216
2022,2,FCS Coaches Poll,19,Southern Illinois,175
2022,2,FCS Coaches Poll,20,Rhode Island,160
2022,2,FCS Coaches Poll,20,Southeastern Louisiana,160
2022,2,FCS Coaches Poll,22,William & Mary,124
2022,2,FCS Coaches Poll,23,Mercer,84
2022,2,FCS Coaches Poll,24,Northern Iowa,72
2022,2,FCS Coaches Poll,25,UC Davis,67
2022,2,Coaches Poll,1,Alabama,1615
2022,2,Coaches Poll,2,Georgia,1542
2022,2,Coaches Poll,3,Ohio State,1520
2022,2,Coaches Poll,4,Clemson,1380
2022,2,Coaches Poll,5,Michigan,1333
2022,2,Coaches Poll,6,Texas A&M,1268
2022,2,Coaches Poll,7,Oklahoma,1160
2022,2,Coaches Poll,8,Baylor,1103
2022,2,Coaches Poll,9,Notre Dame,1077
2022,2,Coaches Poll,10,Oklahoma State,938
2022,2,Coaches Poll,11,Michigan State,860
2022,2,Coaches Poll,12,USC,849
2022,2,Coaches Poll,13,NC State,642
2022,2,Coaches Poll,14,Pittsburgh,624
2022,2,Coaches Poll,15,Utah,605
2022,2,Coaches Poll,16,Miami,591
2022,2,Coaches Poll,17,Arkansas,554
2022,2,Coaches Poll,18,Wisconsin,495
2022,2,Coaches Poll,19,Florida,469
2022,2,Coaches Poll,20,Kentucky,421
2022,2,Coaches Poll,21,Wake Forest,353
2022,2,Coaches Poll,22,Texas,351
2022,2,Coaches Poll,23,Ole Miss,292
2022,2,Coaches Poll,24,Oregon,206
2022,2,Coaches Poll,25,BYU,170
2022,2,AFCA Division II Coaches Poll,1,Ferris State,748
2022,2,AFCA Division II Coaches Poll,2,Northwest Missouri State,706
2022,2,AFCA Division II Coaches Poll,3,Valdosta State,686
2022,2,AFCA Division II Coaches Poll,4,Grand Valley State,667
2022,2,AFCA Division II Coaches Poll,5,Shepherd,608
2022,2,AFCA Division II Coaches Poll,6,Angelo State,582
2022,2,AFCA Division II Coaches Poll,7,West Florida,524
2022,2,AFCA Division II Coaches Poll,8,Harding,509
2022,2,AFCA Division II Coaches Poll,9,Bowie State,500
2022,2,AFCA Division II Coaches Poll,10,West Georgia,475
2022,2,AFCA Division II Coaches Poll,11,Nebraska-Kearney,428
2022,2,AFCA Division II Coaches Poll,12,Colorado Mines,424
2022,2,AFCA Division II Coaches Poll,13,Newberry,361
2022,2,AFCA Division II Coaches Poll,14,Lenoir-Rhyne,326
2022,2,AFCA Division II Coaches Poll,15,Albany State (GA),286
2022,2,AFCA Division II Coaches Poll,16,Ouachita Baptist,278
2022,2,AFCA Division II Coaches Poll,17,California (PA),252
2022,2,AFCA Division II Coaches Poll,18,Slippery Rock,229
2022,2,AFCA Division II Coaches Poll,19,Augustana (SD),152
2022,2,AFCA Division II Coaches Poll,20,Ashland,122
2022,2,AFCA Division II Coaches Poll,21,Notre Dame College,102
2022,2,AFCA Division II Coaches Poll,21,Colorado State-Pueblo,102
2022,2,AFCA Division II Coaches Poll,23,West Texas A&M,88
2022,2,AFCA Division II Coaches Poll,24,New Haven,85
2022,2,AFCA Division II Coaches Poll,25,Indianapolis,76
2022,2,AP Top 25,1,Alabama,1552
2022,2,AP Top 25,2,Georgia,1511
2022,2,AP Top 25,3,Ohio State,1471
2022,2,AP Top 25,4,Michigan,1299
2022,2,AP Top 25,5,Clemson,1280
2022,2,AP Top 25,6,Texas A&M,1241
2022,2,AP Top 25,7,Oklahoma,1130
2022,2,AP Top 25,8,Notre Dame,1085
2022,2,AP Top 25,9,Baylor,1057
2022,2,AP Top 25,10,USC,898
2022,2,AP Top 25,11,Oklahoma State,818
2022,2,AP Top 25,12,Florida,763
2022,2,AP Top 25,13,Utah,717
2022,2,AP Top 25,14,Michigan State,690
2022,2,AP Top 25,15,Miami,679
2022,2,AP Top 25,16,Arkansas,678
2022,2,AP Top 25,17,Pittsburgh,535
2022,2,AP Top 25,18,NC State,513
2022,2,AP Top 25,19,Wisconsin,476
2022,2,AP Top 25,20,Kentucky,373
2022,2,AP Top 25,21,BYU,266
2022,2,AP Top 25,22,Ole Miss,254
2022,2,AP Top 25,23,Wake Forest,246
2022,2,AP Top 25,24,Tennessee,194
2022,2,AP Top 25,25,Houston,143
2022,3,Coaches Poll,1,Alabama,1592
2022,3,Coaches Poll,2,Georgia,1574
2022,3,Coaches Poll,3,Ohio State,1514
2022,3,Coaches Poll,4,Clemson,1387
2022,3,Coaches Poll,5,Michigan,1370
2022,3,Coaches Poll,6,Oklahoma,1253
2022,3,Coaches Poll,7,Oklahoma State,1137
2022,3,Coaches Poll,8,USC,1133
2022,3,Coaches Poll,9,Michigan State,1026
2022,3,Coaches Poll,10,Kentucky,901
2022,3,Coaches Poll,11,Arkansas,857
2022,3,Coaches Poll,12,NC State,816
2022,3,Coaches Poll,13,Miami,805
2022,3,Coaches Poll,14,BYU,739
2022,3,Coaches Poll,15,Utah,673
2022,3,Coaches Poll,16,Tennessee,556
2022,3,Coaches Poll,17,Ole Miss,552
2022,3,Coaches Poll,18,Wake Forest,540
2022,3,Coaches Poll,19,Baylor,531
2022,3,Coaches Poll,20,Texas,306
2022,3,Coaches Poll,21,Florida,297
2022,3,Coaches Poll,22,Texas A&M,285
2022,3,Coaches Poll,23,Penn State,279
2022,3,Coaches Poll,24,Oregon,197
2022,3,Coaches Poll,25,Pittsburgh,157
2022,3,AP Top 25,1,Georgia,1561
2022,3,AP Top 25,2,Alabama,1496
2022,3,AP Top 25,3,Ohio State,1475
2022,3,AP Top 25,4,Michigan,1359
2022,3,AP Top 25,5,Clemson,1285
2022,3,AP Top 25,6,Oklahoma,1209
2022,3,AP Top 25,7,USC,1139
2022,3,AP Top 25,8,Oklahoma State,1004
2022,3,AP Top 25,9,Kentucky,992
2022,3,AP Top 25,10,Arkansas,938
2022,3,AP Top 25,11,Michigan State,902
2022,3,AP Top 25,12,BYU,880
2022,3,AP Top 25,13,Miami,772
2022,3,AP Top 25,14,Utah,673
2022,3,AP Top 25,15,Tennessee,658
2022,3,AP Top 25,16,NC State,623
2022,3,AP Top 25,17,Baylor,562
2022,3,AP Top 25,18,Florida,484
2022,3,AP Top 25,19,Wake Forest,449
2022,3,AP Top 25,20,Ole Miss,411
2022,3,AP Top 25,21,Texas,276
2022,3,AP Top 25,22,Penn State,271
2022,3,AP Top 25,23,Pittsburgh,160
2022,3,AP Top 25,24,Texas A&M,145
2022,3,AP Top 25,25,Oregon,89
2022,3,FCS Coaches Poll,1,North Dakota State,674
2022,3,FCS Coaches Poll,2,Montana,642
2022,3,FCS Coaches Poll,3,South Dakota State,617
2022,3,FCS Coaches Poll,4,Montana State,599
2022,3,FCS Coaches Poll,5,Villanova,557
2022,3,FCS Coaches Poll,6,Missouri State,528
2022,3,FCS Coaches Poll,7,Sacramento State,489
2022,3,FCS Coaches Poll,8,Incarnate Word,487
2022,3,FCS Coaches Poll,9,Chattanooga,456
2022,3,FCS Coaches Poll,10,Delaware,415
2022,3,FCS Coaches Poll,11,Jackson State,367
2022,3,FCS Coaches Poll,12,Holy Cross,363
2022,3,FCS Coaches Poll,13,Weber State,355
2022,3,FCS Coaches Poll,14,Rhode Island,272
2022,3,FCS Coaches Poll,15,Eastern Washington,262
2022,3,FCS Coaches Poll,16,Stephen F. Austin,233
2022,3,FCS Coaches Poll,17,William & Mary,227
2022,3,FCS Coaches Poll,18,UT Martin,218
2022,3,FCS Coaches Poll,19,East Tennessee State,210
2022,3,FCS Coaches Poll,20,Mercer,129
2022,3,FCS Coaches Poll,21,Fordham,60
2022,3,FCS Coaches Poll,22,Kennesaw State,57
2022,3,FCS Coaches Poll,23,Youngstown State,56
2022,3,FCS Coaches Poll,24,Eastern Kentucky,55
2022,3,FCS Coaches Poll,25,Samford,46
2022,3,AFCA Division II Coaches Poll,1,Ferris State,749
2022,3,AFCA Division II Coaches Poll,2,Northwest Missouri State,712
2022,3,AFCA Division II Coaches Poll,3,Grand Valley State,692
2022,3,AFCA Division II Coaches Poll,4,Shepherd,645
2022,3,AFCA Division II Coaches Poll,5,Angelo State,625
2022,3,AFCA Division II Coaches Poll,6,West Florida,609
2022,3,AFCA Division II Coaches Poll,7,Harding,567
2022,3,AFCA Division II Coaches Poll,8,West Georgia,543
2022,3,AFCA Division II Coaches Poll,9,Newberry,471
2022,3,AFCA Division II Coaches Poll,10,Ouachita Baptist,468
2022,3,AFCA Division II Coaches Poll,11,Slippery Rock,412
2022,3,AFCA Division II Coaches Poll,12,Ashland,370
2022,3,AFCA Division II Coaches Poll,13,Augustana (SD),341
2022,3,AFCA Division II Coaches Poll,14,West Texas A&M,283
2022,3,AFCA Division II Coaches Poll,15,Valdosta State,281
2022,3,AFCA Division II Coaches Poll,16,Pittsburg State,204
2022,3,AFCA Division II Coaches Poll,17,Notre Dame College,158
2022,3,AFCA Division II Coaches Poll,18,Lenoir-Rhyne,144
2022,3,AFCA Division II Coaches Poll,19,Indianapolis,140
2022,3,AFCA Division II Coaches Poll,20,Bowie State,132
2022,3,AFCA Division II Coaches Poll,21,Albany State (GA),121
2022,3,AFCA Division II Coaches Poll,21,Colorado Mines,121
2022,3,AFCA Division II Coaches Poll,23,Saginaw Valley,120
2022,3,AFCA Division II Coaches Poll,24,Minnesota State,119
2022,3,AFCA Division II Coaches Poll,25,New Haven,114
2022,4,Coaches Poll,1,Georgia,1594
2022,4,Coaches Poll,2,Alabama,1580
2022,4,Coaches Poll,3,Ohio State,1505
2022,4,Coaches Poll,4,Michigan,1379
2022,4,Coaches Poll,5,Clemson,1362
2022,4,Coaches Poll,6,Oklahoma,1281
2022,4,Coaches Poll,7,USC,1183
2022,4,Coaches Poll,8,Oklahoma State,1161
2022,4,Coaches Poll,9,Kentucky,1063
2022,4,Coaches Poll,10,Arkansas,934
2022,4,Coaches Poll,11,NC State,919
2022,4,Coaches Poll,12,Tennessee,826
2022,4,Coaches Poll,13,Ole Miss,734
2022,4,Coaches Poll,14,Utah,726
2022,4,Coaches Poll,15,Penn State,579
2022,4,Coaches Poll,16,Wake Forest,529
2022,4,Coaches Poll,17,Baylor,507
2022,4,Coaches Poll,18,Oregon,468
2022,4,Coaches Poll,19,Texas,438
2022,4,Coaches Poll,20,Texas A&M,385
2022,4,Coaches Poll,21,Michigan State,305
2022,4,Coaches Poll,22,Florida,297
2022,4,Coaches Poll,23,BYU,253
2022,4,Coaches Poll,24,Washington,244
2022,4,Coaches Poll,25,Miami,234
2022,4,AP Top 25,1,Georgia,1569
2022,4,AP Top 25,2,Alabama,1492
2022,4,AP Top 25,3,Ohio State,1473
2022,4,AP Top 25,4,Michigan,1364
2022,4,AP Top 25,5,Clemson,1268
2022,4,AP Top 25,6,Oklahoma,1257
2022,4,AP Top 25,7,USC,1197
2022,4,AP Top 25,8,Kentucky,1096
2022,4,AP Top 25,9,Oklahoma State,1071
2022,4,AP Top 25,10,Arkansas,920
2022,4,AP Top 25,11,Tennessee,866
2022,4,AP Top 25,12,NC State,781
2022,4,AP Top 25,13,Utah,684
2022,4,AP Top 25,14,Penn State,666
2022,4,AP Top 25,15,Oregon,593
2022,4,AP Top 25,16,Ole Miss,585
2022,4,AP Top 25,17,Baylor,494
2022,4,AP Top 25,18,Washington,485
2022,4,AP Top 25,19,BYU,381
2022,4,AP Top 25,20,Florida,360
2022,4,AP Top 25,21,Wake Forest,345
2022,4,AP Top 25,22,Texas,339
2022,4,AP Top 25,23,Texas A&M,309
2022,4,AP Top 25,24,Pittsburgh,181
2022,4,AP Top 25,25,Miami,123
2022,4,FCS Coaches Poll,1,North Dakota State,642
2022,4,FCS Coaches Poll,2,Montana,626
2022,4,FCS Coaches Poll,3,South Dakota State,595
2022,4,FCS Coaches Poll,4,Montana State,512
2022,4,FCS Coaches Poll,4,Missouri State,512
2022,4,FCS Coaches Poll,6,Sacramento State,502
2022,4,FCS Coaches Poll,7,Incarnate Word,500
2022,4,FCS Coaches Poll,8,Delaware,468
2022,4,FCS Coaches Poll,9,Chattanooga,461
2022,4,FCS Coaches Poll,10,Villanova,438
2022,4,FCS Coaches Poll,11,Jackson State,406
2022,4,FCS Coaches Poll,12,Weber State,367
2022,4,FCS Coaches Poll,13,Holy Cross,357
2022,4,FCS Coaches Poll,14,William & Mary,301
2022,4,FCS Coaches Poll,15,Eastern Washington,253
2022,4,FCS Coaches Poll,16,Mercer,174
2022,4,FCS Coaches Poll,17,Stephen F. Austin,160
2022,4,FCS Coaches Poll,18,Fordham,150
2022,4,FCS Coaches Poll,19,UT Martin,141
2022,4,FCS Coaches Poll,20,Eastern Kentucky,130
2022,4,FCS Coaches Poll,21,Rhode Island,121
2022,4,FCS Coaches Poll,22,Samford,83
2022,4,FCS Coaches Poll,23,Austin Peay,64
2022,4,FCS Coaches Poll,24,Richmond,51
2022,4,FCS Coaches Poll,24,Youngstown State,51
2022,4,AFCA Division II Coaches Poll,1,Ferris State,748
2022,4,AFCA Division II Coaches Poll,2,Northwest Missouri State,714
2022,4,AFCA Division II Coaches Poll,3,Grand Valley State,693
2022,4,AFCA Division II Coaches Poll,4,Angelo State,628
2022,4,AFCA Division II Coaches Poll,5,Shepherd,623
2022,4,AFCA Division II Coaches Poll,6,West Florida,607
2022,4,AFCA Division II Coaches Poll,7,Harding,572
2022,4,AFCA Division II Coaches Poll,8,West Georgia,528
2022,4,AFCA Division II Coaches Poll,9,Ouachita Baptist,490
2022,4,AFCA Division II Coaches Poll,10,Newberry,475
2022,4,AFCA Division II Coaches Poll,11,Slippery Rock,442
2022,4,AFCA Division II Coaches Poll,12,Ashland,405
2022,4,AFCA Division II Coaches Poll,13,Augustana (SD),372
2022,4,AFCA Division II Coaches Poll,14,Pittsburg State,342
2022,4,AFCA Division II Coaches Poll,15,Valdosta State,324
2022,4,AFCA Division II Coaches Poll,16,Indianapolis,250
2022,4,AFCA Division II Coaches Poll,17,Notre Dame College,231
2022,4,AFCA Division II Coaches Poll,18,Lenoir-Rhyne,229
2022,4,AFCA Division II Coaches Poll,19,Saginaw Valley,192
2022,4,AFCA Division II Coaches Poll,20,Albany State (GA),167
2022,4,AFCA Division II Coaches Poll,21,Colorado Mines,134
2022,4,AFCA Division II Coaches Poll,22,Virginia Union,125
2022,4,AFCA Division II Coaches Poll,23,New Haven,88
2022,4,AFCA Division II Coaches Poll,24,Henderson State,87
2022,4,AFCA Division II Coaches Poll,25,Nebraska-Kearney,59
2022,4,AFCA Division III Coaches Poll,1,North Central,1149
2022,4,AFCA Division III Coaches Poll,2,St. Johns (MN),1107
2022,4,AFCA Division III Coaches Poll,3,Mount Union,1085
2022,4,AFCA Division III Coaches Poll,4,Mary Hardin-Baylor,951
2022,4,AFCA Division III Coaches Poll,5,UW-Whitewater,941
2022,4,AFCA Division III Coaches Poll,6,Hardin-Simmons,901
2022,4,AFCA Division III Coaches Poll,7,Linfield,827
2022,4,AFCA Division III Coaches Poll,8,Trinity (TX),819
2022,4,AFCA Division III Coaches Poll,9,Johns Hopkins,817
2022,4,AFCA Division III Coaches Poll,10,Wisconsin-La Crosse,781
2022,4,AFCA Division III Coaches Poll,11,Delaware Valley,645
2022,4,AFCA Division III Coaches Poll,12,SUNY Cortland,643
2022,4,AFCA Division III Coaches Poll,13,Ithaca,580
2022,4,AFCA Division III Coaches Poll,14,Wheaton College (Ill),499
2022,4,AFCA Division III Coaches Poll,15,Randolph-Macon,375
2022,4,AFCA Division III Coaches Poll,16,UW-Oshkosh,358
2022,4,AFCA Division III Coaches Poll,17,UW-River Falls,312
2022,4,AFCA Division III Coaches Poll,18,Heidelberg,308
2022,4,AFCA Division III Coaches Poll,19,Carnegie Mellon,253
2022,4,AFCA Division III Coaches Poll,20,Albion,244
2022,4,AFCA Division III Coaches Poll,21,Susquehanna,229
2022,4,AFCA Division III Coaches Poll,22,DePauw,202
2022,4,AFCA Division III Coaches Poll,23,Wartburg,196
2022,4,AFCA Division III Coaches Poll,24,Union,158
2022,4,AFCA Division III Coaches Poll,25,Central,122
2022,5,Coaches Poll,1,Georgia,1563
2022,5,Coaches Poll,2,Alabama,1558
2022,5,Coaches Poll,3,Ohio State,1486
2022,5,Coaches Poll,4,Michigan,1379
2022,5,Coaches Poll,5,Clemson,1339
2022,5,Coaches Poll,6,USC,1226
2022,5,Coaches Poll,7,Oklahoma State,1176
2022,5,Coaches Poll,8,Kentucky,1136
2022,5,Coaches Poll,9,Tennessee,1077
2022,5,Coaches Poll,10,NC State,1015
2022,5,Coaches Poll,11,Ole Miss,864
2022,5,Coaches Poll,12,Penn State,824
2022,5,Coaches Poll,13,Utah,822
2022,5,Coaches Poll,14,Baylor,638
2022,5,Coaches Poll,15,Oregon,622
2022,5,Coaches Poll,16,Oklahoma,601
2022,5,Coaches Poll,17,Texas A&M,574
2022,5,Coaches Poll,18,Washington,539
2022,5,Coaches Poll,19,Arkansas,509
2022,5,Coaches Poll,20,BYU,359
2022,5,Coaches Poll,21,Wake Forest,352
2022,5,Coaches Poll,22,Florida State,252
2022,5,Coaches Poll,23,Minnesota,238
2022,5,Coaches Poll,24,Pittsburgh,223
2022,5,Coaches Poll,25,Syracuse,74
2022,5,AP Top 25,1,Georgia,1565
2022,5,AP Top 25,2,Alabama,1487
2022,5,AP Top 25,3,Ohio State,1483
2022,5,AP Top 25,4,Michigan,1354
2022,5,AP Top 25,5,Clemson,1311
2022,5,AP Top 25,6,USC,1236
2022,5,AP Top 25,7,Kentucky,1127
2022,5,AP Top 25,8,Tennessee,1119
2022,5,AP Top 25,9,Oklahoma State,1081
2022,5,AP Top 25,10,NC State,920
2022,5,AP Top 25,11,Penn State,876
2022,5,AP Top 25,12,Utah,760
2022,5,AP Top 25,13,Oregon,727
2022,5,AP Top 25,14,Ole Miss,691
2022,5,AP Top 25,15,Washington,657
2022,5,AP Top 25,16,Baylor,550
2022,5,AP Top 25,17,Texas A&M,543
2022,5,AP Top 25,18,Oklahoma,529
2022,5,AP Top 25,19,BYU,482
2022,5,AP Top 25,20,Arkansas,457
2022,5,AP Top 25,21,Minnesota,288
2022,5,AP Top 25,22,Wake Forest,265
2022,5,AP Top 25,23,Florida State,244
2022,5,AP Top 25,24,Pittsburgh,209
2022,5,AP Top 25,25,Kansas State,166
2022,5,FCS Coaches Poll,1,North Dakota State,694
2022,5,FCS Coaches Poll,2,Montana,672
2022,5,FCS Coaches Poll,3,South Dakota State,646
2022,5,FCS Coaches Poll,4,Montana State,592
2022,5,FCS Coaches Poll,5,Sacramento State,584
2022,5,FCS Coaches Poll,6,Delaware,555
2022,5,FCS Coaches Poll,7,Weber State,498
2022,5,FCS Coaches Poll,8,Jackson State,490
2022,5,FCS Coaches Poll,9,Missouri State,432
2022,5,FCS Coaches Poll,10,Chattanooga,431
2022,5,FCS Coaches Poll,11,Holy Cross,408
2022,5,FCS Coaches Poll,12,Incarnate Word,375
2022,5,FCS Coaches Poll,13,Mercer,339
2022,5,FCS Coaches Poll,14,Stephen F. Austin,244
2022,5,FCS Coaches Poll,15,Villanova,221
2022,5,FCS Coaches Poll,16,Austin Peay,215
2022,5,FCS Coaches Poll,17,UT Martin,213
2022,5,FCS Coaches Poll,18,Eastern Washington,184
2022,5,FCS Coaches Poll,19,Samford,181
2022,5,FCS Coaches Poll,20,Fordham,175
2022,5,FCS Coaches Poll,21,William & Mary,168
2022,5,FCS Coaches Poll,22,Richmond,155
2022,5,FCS Coaches Poll,23,Elon,106
2022,5,FCS Coaches Poll,24,Southeastern Louisiana,78
2022,5,FCS Coaches Poll,25,Rhode Island,71
2022,5,AFCA Division II Coaches Poll,1,Ferris State,749
2022,5,AFCA Division II Coaches Poll,2,Grand Valley State,719
2022,5,AFCA Division II Coaches Poll,3,Angelo State,686
2022,5,AFCA Division II Coaches Poll,4,Shepherd,649
2022,5,AFCA Division II Coaches Poll,5,West Georgia,623
2022,5,AFCA Division II Coaches Poll,6,Ouachita Baptist,605
2022,5,AFCA Division II Coaches Poll,7,Newberry,553
2022,5,AFCA Division II Coaches Poll,8,Slippery Rock,526
2022,5,AFCA Division II Coaches Poll,9,Ashland,477
2022,5,AFCA Division II Coaches Poll,10,Pittsburg State,421
2022,5,AFCA Division II Coaches Poll,11,Augustana (SD),402
2022,5,AFCA Division II Coaches Poll,12,Northwest Missouri State,384
2022,5,AFCA Division II Coaches Poll,13,Valdosta State,328
2022,5,AFCA Division II Coaches Poll,14,Indianapolis,321
2022,5,AFCA Division II Coaches Poll,14,West Florida,321
2022,5,AFCA Division II Coaches Poll,16,Harding,310
2022,5,AFCA Division II Coaches Poll,17,Saginaw Valley,258
2022,5,AFCA Division II Coaches Poll,18,Notre Dame College,245
2022,5,AFCA Division II Coaches Poll,19,Lenoir-Rhyne,244
2022,5,AFCA Division II Coaches Poll,20,Virginia Union,172
2022,5,AFCA Division II Coaches Poll,21,Albany State (GA),171
2022,5,AFCA Division II Coaches Poll,22,Colorado Mines,163
2022,5,AFCA Division II Coaches Poll,23,Nebraska-Kearney,108
2022,5,AFCA Division II Coaches Poll,24,New Haven,80
2022,5,AFCA Division II Coaches Poll,25,Delta State,78
2022,5,AFCA Division III Coaches Poll,1,North Central,1167
2022,5,AFCA Division III Coaches Poll,2,Mount Union,1129
2022,5,AFCA Division III Coaches Poll,3,Mary Hardin-Baylor,1024
2022,5,AFCA Division III Coaches Poll,4,UW-Whitewater,1014
2022,5,AFCA Division III Coaches Poll,5,Linfield,936
2022,5,AFCA Division III Coaches Poll,6,Trinity (TX),924
2022,5,AFCA Division III Coaches Poll,7,Johns Hopkins,861
2022,5,AFCA Division III Coaches Poll,8,Wisconsin-La Crosse,833
2022,5,AFCA Division III Coaches Poll,9,St. Johns (MN),711
2022,5,AFCA Division III Coaches Poll,10,Delaware Valley,705
2022,5,AFCA Division III Coaches Poll,11,SUNY Cortland,662
2022,5,AFCA Division III Coaches Poll,12,Ithaca,623
2022,5,AFCA Division III Coaches Poll,13,Wheaton College (Ill),566
2022,5,AFCA Division III Coaches Poll,14,Hardin-Simmons,544
2022,5,AFCA Division III Coaches Poll,15,UW-Oshkosh,488
2022,5,AFCA Division III Coaches Poll,16,Randolph-Macon,443
2022,5,AFCA Division III Coaches Poll,17,UW-River Falls,424
2022,5,AFCA Division III Coaches Poll,18,Bethel (MN),405
2022,5,AFCA Division III Coaches Poll,19,Carnegie Mellon,348
2022,5,AFCA Division III Coaches Poll,20,Albion,316
2022,5,AFCA Division III Coaches Poll,21,Susquehanna,296
2022,5,AFCA Division III Coaches Poll,22,Wartburg,232
2022,5,AFCA Division III Coaches Poll,23,DePauw,187
2022,5,AFCA Division III Coaches Poll,24,Central,77
2022,5,AFCA Division III Coaches Poll,25,Stevenson,57
2022,6,Coaches Poll,1,Alabama,1568
2022,6,Coaches Poll,2,Georgia,1545
2022,6,Coaches Poll,3,Ohio State,1492
2022,6,Coaches Poll,4,Michigan,1374
2022,6,Coaches Poll,5,Clemson,1352
2022,6,Coaches Poll,6,USC,1247
2022,6,Coaches Poll,7,Oklahoma State,1225
2022,6,Coaches Poll,8,Tennessee,1142
2022,6,Coaches Poll,9,Ole Miss,1082
2022,6,Coaches Poll,10,Penn State,990
2022,6,Coaches Poll,11,Utah,919
2022,6,Coaches Poll,12,Oregon,823
2022,6,Coaches Poll,13,Kentucky,811
2022,6,Coaches Poll,14,NC State,732
2022,6,Coaches Poll,15,Wake Forest,668
2022,6,Coaches Poll,16,BYU,594
2022,6,Coaches Poll,17,Kansas,433
2022,6,Coaches Poll,18,TCU,425
2022,6,Coaches Poll,19,UCLA,421
2022,6,Coaches Poll,20,Kansas State,324
2022,6,Coaches Poll,21,Syracuse,306
2022,6,Coaches Poll,22,Baylor,230
2022,6,Coaches Poll,23,Mississippi State,194
2022,6,Coaches Poll,24,Washington,161
2022,6,Coaches Poll,25,Arkansas,141
2022,6,AP Top 25,1,Alabama,1523
2022,6,AP Top 25,2,Georgia,1521
2022,6,AP Top 25,3,Ohio State,1488
2022,6,AP Top 25,4,Michigan,1348
2022,6,AP Top 25,5,Clemson,1345
2022,6,AP Top 25,6,USC,1233
2022,6,AP Top 25,7,Oklahoma State,1182
2022,6,AP Top 25,8,Tennessee,1129
2022,6,AP Top 25,9,Ole Miss,1068
2022,6,AP Top 25,10,Penn State,959
2022,6,AP Top 25,11,Utah,884
2022,6,AP Top 25,12,Oregon,872
2022,6,AP Top 25,13,Kentucky,832
2022,6,AP Top 25,14,NC State,691
2022,6,AP Top 25,15,Wake Forest,627
2022,6,AP Top 25,16,BYU,604
2022,6,AP Top 25,17,TCU,514
2022,6,AP Top 25,18,UCLA,510
2022,6,AP Top 25,19,Kansas,476
2022,6,AP Top 25,20,Kansas State,417
2022,6,AP Top 25,21,Washington,180
2022,6,AP Top 25,22,Syracuse,173
2022,6,AP Top 25,23,Mississippi State,164
2022,6,AP Top 25,24,Cincinnati,134
2022,6,AP Top 25,25,LSU,108
2022,6,FCS Coaches Poll,1,North Dakota State,670
2022,6,FCS Coaches Poll,2,Montana,648
2022,6,FCS Coaches Poll,3,South Dakota State,621
2022,6,FCS Coaches Poll,4,Sacramento State,571
2022,6,FCS Coaches Poll,5,Montana State,559
2022,6,FCS Coaches Poll,6,Delaware,548
2022,6,FCS Coaches Poll,7,Weber State,509
2022,6,FCS Coaches Poll,8,Jackson State,480
2022,6,FCS Coaches Poll,9,Chattanooga,442
2022,6,FCS Coaches Poll,10,Holy Cross,431
2022,6,FCS Coaches Poll,11,Incarnate Word,386
2022,6,FCS Coaches Poll,12,Mercer,357
2022,6,FCS Coaches Poll,13,Villanova,290
2022,6,FCS Coaches Poll,14,UT Martin,286
2022,6,FCS Coaches Poll,15,Samford,275
2022,6,FCS Coaches Poll,16,Fordham,216
2022,6,FCS Coaches Poll,17,William & Mary,205
2022,6,FCS Coaches Poll,18,Elon,196
2022,6,FCS Coaches Poll,19,Missouri State,190
2022,6,FCS Coaches Poll,20,Southeastern Louisiana,162
2022,6,FCS Coaches Poll,21,Eastern Washington,108
2022,6,FCS Coaches Poll,22,Stephen F. Austin,103
2022,6,FCS Coaches Poll,23,Rhode Island,89
2022,6,FCS Coaches Poll,24,Southern Illinois,83
2022,6,FCS Coaches Poll,25,Southeast Missouri State,81
2022,6,FCS Coaches Poll,1,North Dakota State,670
2022,6,FCS Coaches Poll,2,Montana,648
2022,6,FCS Coaches Poll,3,South Dakota State,621
2022,6,FCS Coaches Poll,4,Sacramento State,571
2022,6,FCS Coaches Poll,5,Montana State,559
2022,6,FCS Coaches Poll,6,Delaware,548
2022,6,FCS Coaches Poll,7,Weber State,509
2022,6,FCS Coaches Poll,8,Jackson State,480
2022,6,FCS Coaches Poll,9,Chattanooga,442
2022,6,FCS Coaches Poll,10,Holy Cross,431
2022,6,FCS Coaches Poll,11,Incarnate Word,386
2022,6,FCS Coaches Poll,12,Mercer,357
2022,6,FCS Coaches Poll,13,Villanova,290
2022,6,FCS Coaches Poll,14,UT Martin,286
2022,6,FCS Coaches Poll,15,Samford,275
2022,6,FCS Coaches Poll,16,Fordham,216
2022,6,FCS Coaches Poll,17,William & Mary,205
2022,6,FCS Coaches Poll,18,Elon,196
2022,6,FCS Coaches Poll,19,Missouri State,190
2022,6,FCS Coaches Poll,20,Southeastern Louisiana,162
2022,6,FCS Coaches Poll,21,Eastern Washington,108
2022,6,FCS Coaches Poll,22,Stephen F. Austin,103
2022,6,FCS Coaches Poll,23,Rhode Island,89
2022,6,FCS Coaches Poll,24,Southern Illinois,83
2022,6,FCS Coaches Poll,25,Southeast Missouri State,81
2022,6,AFCA Division II Coaches Poll,1,Ferris State,749
2022,6,AFCA Division II Coaches Poll,2,Grand Valley State,719
2022,6,AFCA Division II Coaches Poll,3,Angelo State,687
2022,6,AFCA Division II Coaches Poll,4,Shepherd,655
2022,6,AFCA Division II Coaches Poll,5,Ouachita Baptist,631
2022,6,AFCA Division II Coaches Poll,6,Ashland,591
2022,6,AFCA Division II Coaches Poll,7,Pittsburg State,570
2022,6,AFCA Division II Coaches Poll,8,Indianapolis,492
2022,6,AFCA Division II Coaches Poll,9,Northwest Missouri State,491
2022,6,AFCA Division II Coaches Poll,10,West Florida,387
2022,6,AFCA Division II Coaches Poll,11,Harding,383
2022,6,AFCA Division II Coaches Poll,12,Virginia Union,354
2022,6,AFCA Division II Coaches Poll,13,Delta State,315
2022,6,AFCA Division II Coaches Poll,14,Lenoir-Rhyne,283
2022,6,AFCA Division II Coaches Poll,15,West Georgia,258
2022,6,AFCA Division II Coaches Poll,16,Notre Dame College,255
2022,6,AFCA Division II Coaches Poll,17,Sioux Falls,230
2022,6,AFCA Division II Coaches Poll,18,Indiana (PA),220
2022,6,AFCA Division II Coaches Poll,19,Newberry,190
2022,6,AFCA Division II Coaches Poll,20,Slippery Rock,188
2022,6,AFCA Division II Coaches Poll,21,Colorado Mines,159
2022,6,AFCA Division II Coaches Poll,22,Albany State (GA),158
2022,6,AFCA Division II Coaches Poll,22,Texas A&M-Kingsville,158
2022,6,AFCA Division II Coaches Poll,24,Nebraska-Kearney,145
2022,6,AFCA Division II Coaches Poll,25,Saginaw Valley,132
2022,6,AFCA Division II Coaches Poll,1,Ferris State,749
2022,6,AFCA Division II Coaches Poll,2,Grand Valley State,719
2022,6,AFCA Division II Coaches Poll,3,Angelo State,687
2022,6,AFCA Division II Coaches Poll,4,Shepherd,655
2022,6,AFCA Division II Coaches Poll,5,Ouachita Baptist,631
2022,6,AFCA Division II Coaches Poll,6,Ashland,591
2022,6,AFCA Division II Coaches Poll,7,Pittsburg State,570
2022,6,AFCA Division II Coaches Poll,8,Indianapolis,492
2022,6,AFCA Division II Coaches Poll,9,Northwest Missouri State,491
2022,6,AFCA Division II Coaches Poll,10,West Florida,387
2022,6,AFCA Division II Coaches Poll,11,Harding,383
2022,6,AFCA Division II Coaches Poll,12,Virginia Union,354
2022,6,AFCA Division II Coaches Poll,13,Delta State,315
2022,6,AFCA Division II Coaches Poll,14,Lenoir-Rhyne,283
2022,6,AFCA Division II Coaches Poll,15,West Georgia,258
2022,6,AFCA Division II Coaches Poll,16,Notre Dame College,255
2022,6,AFCA Division II Coaches Poll,17,Sioux Falls,230
2022,6,AFCA Division II Coaches Poll,18,Indiana (PA),220
2022,6,AFCA Division II Coaches Poll,19,Newberry,190
2022,6,AFCA Division II Coaches Poll,20,Slippery Rock,188
2022,6,AFCA Division II Coaches Poll,21,Colorado Mines,159
2022,6,AFCA Division II Coaches Poll,22,Albany State (GA),158
2022,6,AFCA Division II Coaches Poll,22,Texas A&M-Kingsville,158
2022,6,AFCA Division II Coaches Poll,24,Nebraska-Kearney,145
2022,6,AFCA Division II Coaches Poll,25,Saginaw Valley,132
2022,6,AFCA Division III Coaches Poll,1,North Central,1165
2022,6,AFCA Division III Coaches Poll,2,Mount Union,1103
2022,6,AFCA Division III Coaches Poll,3,UW-Whitewater,1056
2022,6,AFCA Division III Coaches Poll,4,Mary Hardin-Baylor,1041
2022,6,AFCA Division III Coaches Poll,5,Linfield,955
2022,6,AFCA Division III Coaches Poll,6,Trinity (TX),913
2022,6,AFCA Division III Coaches Poll,7,Johns Hopkins,863
2022,6,AFCA Division III Coaches Poll,8,St. Johns (MN),829
2022,6,AFCA Division III Coaches Poll,9,Delaware Valley,734
2022,6,AFCA Division III Coaches Poll,10,SUNY Cortland,675
2022,6,AFCA Division III Coaches Poll,11,Wisconsin-La Crosse,674
2022,6,AFCA Division III Coaches Poll,12,Ithaca,655
2022,6,AFCA Division III Coaches Poll,13,Hardin-Simmons,619
2022,6,AFCA Division III Coaches Poll,14,UW-Oshkosh,562
2022,6,AFCA Division III Coaches Poll,15,Bethel (MN),463
2022,6,AFCA Division III Coaches Poll,16,Randolph-Macon,446
2022,6,AFCA Division III Coaches Poll,17,UW-River Falls,435
2022,6,AFCA Division III Coaches Poll,18,Carnegie Mellon,337
2022,6,AFCA Division III Coaches Poll,19,Albion,324
2022,6,AFCA Division III Coaches Poll,20,Wartburg,298
2022,6,AFCA Division III Coaches Poll,21,Susquehanna,268
2022,6,AFCA Division III Coaches Poll,22,Wheaton College (Ill),227
2022,6,AFCA Division III Coaches Poll,23,DePauw,195
2022,6,AFCA Division III Coaches Poll,24,Central,124
2022,6,AFCA Division III Coaches Poll,25,Lake Forest,69
2022,6,AFCA Division III Coaches Poll,1,North Central,1165
2022,6,AFCA Division III Coaches Poll,2,Mount Union,1103
2022,6,AFCA Division III Coaches Poll,3,UW-Whitewater,1056
2022,6,AFCA Division III Coaches Poll,4,Mary Hardin-Baylor,1041
2022,6,AFCA Division III Coaches Poll,5,Linfield,955
2022,6,AFCA Division III Coaches Poll,6,Trinity (TX),913
2022,6,AFCA Division III Coaches Poll,7,Johns Hopkins,863
2022,6,AFCA Division III Coaches Poll,8,St. Johns (MN),829
2022,6,AFCA Division III Coaches Poll,9,Delaware Valley,734
2022,6,AFCA Division III Coaches Poll,10,SUNY Cortland,675
2022,6,AFCA Division III Coaches Poll,11,Wisconsin-La Crosse,674
2022,6,AFCA Division III Coaches Poll,12,Ithaca,655
2022,6,AFCA Division III Coaches Poll,13,Hardin-Simmons,619
2022,6,AFCA Division III Coaches Poll,14,UW-Oshkosh,562
2022,6,AFCA Division III Coaches Poll,15,Bethel (MN),463
2022,6,AFCA Division III Coaches Poll,16,Randolph-Macon,446
2022,6,AFCA Division III Coaches Poll,17,UW-River Falls,435
2022,6,AFCA Division III Coaches Poll,18,Carnegie Mellon,337
2022,6,AFCA Division III Coaches Poll,19,Albion,324
2022,6,AFCA Division III Coaches Poll,20,Wartburg,298
2022,6,AFCA Division III Coaches Poll,21,Susquehanna,268
2022,6,AFCA Division III Coaches Poll,22,Wheaton College (Ill),227
2022,6,AFCA Division III Coaches Poll,23,DePauw,195
2022,6,AFCA Division III Coaches Poll,24,Central,124
2022,6,AFCA Division III Coaches Poll,25,Lake Forest,69
2022,7,Coaches Poll,1,Alabama,1540
2022,7,Coaches Poll,2,Georgia,1516
2022,7,Coaches Poll,3,Ohio State,1477
2022,7,Coaches Poll,4,Michigan,1354
2022,7,Coaches Poll,5,Clemson,1328
2022,7,Coaches Poll,6,USC,1219
2022,7,Coaches Poll,7,Oklahoma State,1197
2022,7,Coaches Poll,8,Tennessee,1168
2022,7,Coaches Poll,9,Ole Miss,1075
2022,7,Coaches Poll,10,Penn State,992
2022,7,Coaches Poll,11,Oregon,885
2022,7,Coaches Poll,12,UCLA,815
2022,7,Coaches Poll,13,NC State,808
2022,7,Coaches Poll,14,Wake Forest,776
2022,7,Coaches Poll,15,TCU,765
2022,7,Coaches Poll,16,Kansas State,539
2022,7,Coaches Poll,17,Mississippi State,533
2022,7,Coaches Poll,18,Syracuse,424
2022,7,Coaches Poll,19,Utah,364
2022,7,Coaches Poll,20,Kansas,290
2022,7,Coaches Poll,21,Cincinnati,248
2022,7,Coaches Poll,22,Kentucky,219
2022,7,Coaches Poll,23,Baylor,210
2022,7,Coaches Poll,24,Texas,155
2022,7,Coaches Poll,25,North Carolina,99
2022,7,AP Top 25,1,Georgia,1535
2022,7,AP Top 25,2,Ohio State,1507
2022,7,AP Top 25,3,Alabama,1489
2022,7,AP Top 25,4,Clemson,1348
2022,7,AP Top 25,5,Michigan,1319
2022,7,AP Top 25,6,Tennessee,1232
2022,7,AP Top 25,7,USC,1214
2022,7,AP Top 25,8,Oklahoma State,1150
2022,7,AP Top 25,9,Ole Miss,1061
2022,7,AP Top 25,10,Penn State,974
2022,7,AP Top 25,11,UCLA,907
2022,7,AP Top 25,12,Oregon,893
2022,7,AP Top 25,13,TCU,819
2022,7,AP Top 25,14,Wake Forest,748
2022,7,AP Top 25,15,NC State,746
2022,7,AP Top 25,16,Mississippi State,589
2022,7,AP Top 25,17,Kansas State,559
2022,7,AP Top 25,18,Syracuse,393
2022,7,AP Top 25,19,Kansas,330
2022,7,AP Top 25,20,Utah,328
2022,7,AP Top 25,21,Cincinnati,257
2022,7,AP Top 25,22,Kentucky,150
2022,7,AP Top 25,22,Texas,150
2022,7,AP Top 25,24,Illinois,117
2022,7,AP Top 25,25,James Madison,105
2022,7,FCS Coaches Poll,1,North Dakota State,645
2022,7,FCS Coaches Poll,2,Montana,623
2022,7,FCS Coaches Poll,3,South Dakota State,598
2022,7,FCS Coaches Poll,4,Montana State,552
2022,7,FCS Coaches Poll,5,Sacramento State,546
2022,7,FCS Coaches Poll,6,Weber State,512
2022,7,FCS Coaches Poll,7,Jackson State,470
2022,7,FCS Coaches Poll,8,Holy Cross,440
2022,7,FCS Coaches Poll,9,Chattanooga,412
2022,7,FCS Coaches Poll,10,Incarnate Word,406
2022,7,FCS Coaches Poll,11,Mercer,382
2022,7,FCS Coaches Poll,12,Delaware,352
2022,7,FCS Coaches Poll,13,William & Mary,322
2022,7,FCS Coaches Poll,14,UT Martin,302
2022,7,FCS Coaches Poll,15,Samford,285
2022,7,FCS Coaches Poll,16,Villanova,268
2022,7,FCS Coaches Poll,17,Fordham,240
2022,7,FCS Coaches Poll,18,Elon,233
2022,7,FCS Coaches Poll,19,Southern Illinois,177
2022,7,FCS Coaches Poll,20,Stephen F. Austin,143
2022,7,FCS Coaches Poll,21,Southeast Missouri State,133
2022,7,FCS Coaches Poll,22,Rhode Island,131
2022,7,FCS Coaches Poll,23,Princeton,57
2022,7,FCS Coaches Poll,24,Austin Peay,34
2022,7,FCS Coaches Poll,25,Richmond,24
2022,8,Coaches Poll,1,Georgia,1550
2022,8,Coaches Poll,2,Ohio State,1511
2022,8,Coaches Poll,3,Michigan,1411
2022,8,Coaches Poll,4,Tennessee,1408
2022,8,Coaches Poll,5,Clemson,1351
2022,8,Coaches Poll,6,Alabama,1236
2022,8,Coaches Poll,7,Ole Miss,1210
2022,8,Coaches Poll,8,TCU,1089
2022,8,Coaches Poll,9,Oregon,1000
2022,8,Coaches Poll,10,UCLA,995
2022,8,Coaches Poll,11,Oklahoma State,868
2022,8,Coaches Poll,12,USC,852
2022,8,Coaches Poll,13,Wake Forest,823
2022,8,Coaches Poll,14,Syracuse,738
2022,8,Coaches Poll,15,Utah,663
2022,8,Coaches Poll,16,Penn State,653
2022,8,Coaches Poll,17,Kansas State,637
2022,8,Coaches Poll,18,Kentucky,450
2022,8,Coaches Poll,19,Cincinnati,370
2022,8,Coaches Poll,20,Illinois,341
2022,8,Coaches Poll,21,Texas,336
2022,8,Coaches Poll,22,North Carolina,236
2022,8,Coaches Poll,23,NC State,232
2022,8,Coaches Poll,24,Mississippi State,212
2022,8,Coaches Poll,25,Tulane,83
2022,8,AP Top 25,1,Georgia,1530
2022,8,AP Top 25,2,Ohio State,1509
2022,8,AP Top 25,3,Tennessee,1474
2022,8,AP Top 25,4,Michigan,1384
2022,8,AP Top 25,5,Clemson,1336
2022,8,AP Top 25,6,Alabama,1232
2022,8,AP Top 25,7,Ole Miss,1173
2022,8,AP Top 25,8,TCU,1166
2022,8,AP Top 25,9,UCLA,1048
2022,8,AP Top 25,10,Oregon,953
2022,8,AP Top 25,11,Oklahoma State,913
2022,8,AP Top 25,12,USC,861
2022,8,AP Top 25,13,Wake Forest,790
2022,8,AP Top 25,14,Syracuse,751
2022,8,AP Top 25,15,Utah,715
2022,8,AP Top 25,16,Penn State,629
2022,8,AP Top 25,17,Kansas State,599
2022,8,AP Top 25,18,Illinois,433
2022,8,AP Top 25,19,Kentucky,414
2022,8,AP Top 25,20,Texas,368
2022,8,AP Top 25,21,Cincinnati,321
2022,8,AP Top 25,22,North Carolina,210
2022,8,AP Top 25,23,NC State,155
2022,8,AP Top 25,24,Mississippi State,150
2022,8,AP Top 25,25,Tulane,115
2022,8,FCS Coaches Poll,1,South Dakota State,671
2022,8,FCS Coaches Poll,2,Montana State,621
2022,8,FCS Coaches Poll,3,Sacramento State,616
2022,8,FCS Coaches Poll,4,North Dakota State,593
2022,8,FCS Coaches Poll,5,Weber State,573
2022,8,FCS Coaches Poll,6,Jackson State,513
2022,8,FCS Coaches Poll,7,Montana,482
2022,8,FCS Coaches Poll,8,Chattanooga,468
2022,8,FCS Coaches Poll,9,Holy Cross,467
2022,8,FCS Coaches Poll,10,Incarnate Word,438
2022,8,FCS Coaches Poll,11,Mercer,403
2022,8,FCS Coaches Poll,12,Delaware,371
2022,8,FCS Coaches Poll,13,William & Mary,343
2022,8,FCS Coaches Poll,14,UT Martin,295
2022,8,FCS Coaches Poll,15,Samford,286
2022,8,FCS Coaches Poll,16,Fordham,278
2022,8,FCS Coaches Poll,17,Southern Illinois,237
2022,8,FCS Coaches Poll,18,Southeast Missouri State,171
2022,8,FCS Coaches Poll,19,Rhode Island,170
2022,8,FCS Coaches Poll,20,Stephen F. Austin,147
2022,8,FCS Coaches Poll,21,Richmond,124
2022,8,FCS Coaches Poll,22,Austin Peay,93
2022,8,FCS Coaches Poll,23,Princeton,87
2022,8,FCS Coaches Poll,24,Idaho,57
2022,8,FCS Coaches Poll,25,Elon,56
2022,8,AFCA Division II Coaches Poll,1,Grand Valley State,749
2022,8,AFCA Division II Coaches Poll,2,Angelo State,713
2022,8,AFCA Division II Coaches Poll,3,Shepherd,672
2022,8,AFCA Division II Coaches Poll,4,Ouachita Baptist,650
2022,8,AFCA Division II Coaches Poll,5,Pittsburg State,598
2022,8,AFCA Division II Coaches Poll,6,Ashland,596
2022,8,AFCA Division II Coaches Poll,7,Ferris State,583
2022,8,AFCA Division II Coaches Poll,8,Delta State,534
2022,8,AFCA Division II Coaches Poll,9,West Florida,511
2022,8,AFCA Division II Coaches Poll,10,Virginia Union,486
2022,8,AFCA Division II Coaches Poll,11,Sioux Falls,427
2022,8,AFCA Division II Coaches Poll,12,Lenoir-Rhyne,413
2022,8,AFCA Division II Coaches Poll,13,Indiana (PA),393
2022,8,AFCA Division II Coaches Poll,14,Northwest Missouri State,298
2022,8,AFCA Division II Coaches Poll,15,Texas A&M-Kingsville,288
2022,8,AFCA Division II Coaches Poll,16,Newberry,281
2022,8,AFCA Division II Coaches Poll,17,Slippery Rock,277
2022,8,AFCA Division II Coaches Poll,18,Benedict College,229
2022,8,AFCA Division II Coaches Poll,18,Colorado Mines,229
2022,8,AFCA Division II Coaches Poll,20,Indianapolis,208
2022,8,AFCA Division II Coaches Poll,21,Augustana (SD),143
2022,8,AFCA Division II Coaches Poll,22,Davenport,95
2022,8,AFCA Division II Coaches Poll,23,Harding,79
2022,8,AFCA Division II Coaches Poll,24,Saginaw Valley,76
2022,8,AFCA Division II Coaches Poll,25,West Georgia,65
2022,8,AFCA Division III Coaches Poll,1,North Central,1165
2022,8,AFCA Division III Coaches Poll,2,Mount Union,1126
2022,8,AFCA Division III Coaches Poll,3,UW-Whitewater,1075
2022,8,AFCA Division III Coaches Poll,4,Mary Hardin-Baylor,1027
2022,8,AFCA Division III Coaches Poll,5,Linfield,965
2022,8,AFCA Division III Coaches Poll,6,Trinity (TX),915
2022,8,AFCA Division III Coaches Poll,7,Johns Hopkins,880
2022,8,AFCA Division III Coaches Poll,8,St. Johns (MN),845
2022,8,AFCA Division III Coaches Poll,9,Wisconsin-La Crosse,751
2022,8,AFCA Division III Coaches Poll,10,Delaware Valley,707
2022,8,AFCA Division III Coaches Poll,11,SUNY Cortland,672
2022,8,AFCA Division III Coaches Poll,12,Hardin-Simmons,671
2022,8,AFCA Division III Coaches Poll,13,Ithaca,642
2022,8,AFCA Division III Coaches Poll,14,Bethel (MN),557
2022,8,AFCA Division III Coaches Poll,15,Wartburg,499
2022,8,AFCA Division III Coaches Poll,16,Randolph-Macon,476
2022,8,AFCA Division III Coaches Poll,17,Carnegie Mellon,396
2022,8,AFCA Division III Coaches Poll,18,Albion,379
2022,8,AFCA Division III Coaches Poll,19,Susquehanna,366
2022,8,AFCA Division III Coaches Poll,20,Wheaton College (Ill),258
2022,8,AFCA Division III Coaches Poll,21,Washington (MO),231
2022,8,AFCA Division III Coaches Poll,22,Huntingdon,180
2022,8,AFCA Division III Coaches Poll,23,UW-River Falls,88
2022,8,AFCA Division III Coaches Poll,24,Mount St. Joseph,72
2022,8,AFCA Division III Coaches Poll,25,Endicott College,59
2022,8,AFCA Division III Coaches Poll,1,North Central,1165
2022,8,AFCA Division III Coaches Poll,2,Mount Union,1126
2022,8,AFCA Division III Coaches Poll,3,UW-Whitewater,1075
2022,8,AFCA Division III Coaches Poll,4,Mary Hardin-Baylor,1027
2022,8,AFCA Division III Coaches Poll,5,Linfield,965
2022,8,AFCA Division III Coaches Poll,6,Trinity (TX),915
2022,8,AFCA Division III Coaches Poll,7,Johns Hopkins,880
2022,8,AFCA Division III Coaches Poll,8,St. Johns (MN),845
2022,8,AFCA Division III Coaches Poll,9,Wisconsin-La Crosse,751
2022,8,AFCA Division III Coaches Poll,10,Delaware Valley,707
2022,8,AFCA Division III Coaches Poll,11,SUNY Cortland,672
2022,8,AFCA Division III Coaches Poll,12,Hardin-Simmons,671
2022,8,AFCA Division III Coaches Poll,13,Ithaca,642
2022,8,AFCA Division III Coaches Poll,14,Bethel (MN),557
2022,8,AFCA Division III Coaches Poll,15,Wartburg,499
2022,8,AFCA Division III Coaches Poll,16,Randolph-Macon,476
2022,8,AFCA Division III Coaches Poll,17,Carnegie Mellon,396
2022,8,AFCA Division III Coaches Poll,18,Albion,379
2022,8,AFCA Division III Coaches Poll,19,Susquehanna,366
2022,8,AFCA Division III Coaches Poll,20,Wheaton College (Ill),258
2022,8,AFCA Division III Coaches Poll,21,Washington (MO),231
2022,8,AFCA Division III Coaches Poll,22,Huntingdon,180
2022,8,AFCA Division III Coaches Poll,23,UW-River Falls,88
2022,8,AFCA Division III Coaches Poll,24,Mount St. Joseph,72
2022,8,AFCA Division III Coaches Poll,25,Endicott College,59
2022,8,AFCA Division III Coaches Poll,1,North Central,1165
2022,8,AFCA Division III Coaches Poll,2,Mount Union,1126
2022,8,AFCA Division III Coaches Poll,3,UW-Whitewater,1075
2022,8,AFCA Division III Coaches Poll,4,Mary Hardin-Baylor,1027
2022,8,AFCA Division III Coaches Poll,5,Linfield,965
2022,8,AFCA Division III Coaches Poll,6,Trinity (TX),915
2022,8,AFCA Division III Coaches Poll,7,Johns Hopkins,880
2022,8,AFCA Division III Coaches Poll,8,St. Johns (MN),845
2022,8,AFCA Division III Coaches Poll,9,Wisconsin-La Crosse,751
2022,8,AFCA Division III Coaches Poll,10,Delaware Valley,707
2022,8,AFCA Division III Coaches Poll,11,SUNY Cortland,672
2022,8,AFCA Division III Coaches Poll,12,Hardin-Simmons,671
2022,8,AFCA Division III Coaches Poll,13,Ithaca,642
2022,8,AFCA Division III Coaches Poll,14,Bethel (MN),557
2022,8,AFCA Division III Coaches Poll,15,Wartburg,499
2022,8,AFCA Division III Coaches Poll,16,Randolph-Macon,476
2022,8,AFCA Division III Coaches Poll,17,Carnegie Mellon,396
2022,8,AFCA Division III Coaches Poll,18,Albion,379
2022,8,AFCA Division III Coaches Poll,19,Susquehanna,366
2022,8,AFCA Division III Coaches Poll,20,Wheaton College (Ill),258
2022,8,AFCA Division III Coaches Poll,21,Washington (MO),231
2022,8,AFCA Division III Coaches Poll,22,Huntingdon,180
2022,8,AFCA Division III Coaches Poll,23,UW-River Falls,88
2022,8,AFCA Division III Coaches Poll,24,Mount St. Joseph,72
2022,8,AFCA Division III Coaches Poll,25,Endicott College,59
2022,8,AFCA Division III Coaches Poll,1,North Central,1165
2022,8,AFCA Division III Coaches Poll,2,Mount Union,1126
2022,8,AFCA Division III Coaches Poll,3,UW-Whitewater,1075
2022,8,AFCA Division III Coaches Poll,4,Mary Hardin-Baylor,1027
2022,8,AFCA Division III Coaches Poll,5,Linfield,965
2022,8,AFCA Division III Coaches Poll,6,Trinity (TX),915
2022,8,AFCA Division III Coaches Poll,7,Johns Hopkins,880
2022,8,AFCA Division III Coaches Poll,8,St. Johns (MN),845
2022,8,AFCA Division III Coaches Poll,9,Wisconsin-La Crosse,751
2022,8,AFCA Division III Coaches Poll,10,Delaware Valley,707
2022,8,AFCA Division III Coaches Poll,11,SUNY Cortland,672
2022,8,AFCA Division III Coaches Poll,12,Hardin-Simmons,671
2022,8,AFCA Division III Coaches Poll,13,Ithaca,642
2022,8,AFCA Division III Coaches Poll,14,Bethel (MN),557
2022,8,AFCA Division III Coaches Poll,15,Wartburg,499
2022,8,AFCA Division III Coaches Poll,16,Randolph-Macon,476
2022,8,AFCA Division III Coaches Poll,17,Carnegie Mellon,396
2022,8,AFCA Division III Coaches Poll,18,Albion,379
2022,8,AFCA Division III Coaches Poll,19,Susquehanna,366
2022,8,AFCA Division III Coaches Poll,20,Wheaton College (Ill),258
2022,8,AFCA Division III Coaches Poll,21,Washington (MO),231
2022,8,AFCA Division III Coaches Poll,22,Huntingdon,180
2022,8,AFCA Division III Coaches Poll,23,UW-River Falls,88
2022,8,AFCA Division III Coaches Poll,24,Mount St. Joseph,72
2022,8,AFCA Division III Coaches Poll,25,Endicott College,59
2022,9,Coaches Poll,1,Georgia,1550
2022,9,Coaches Poll,2,Ohio State,1516
2022,9,Coaches Poll,3,Tennessee,1424
2022,9,Coaches Poll,4,Michigan,1407
2022,9,Coaches Poll,5,Clemson,1325
2022,9,Coaches Poll,6,Alabama,1264
2022,9,Coaches Poll,7,TCU,1184
2022,9,Coaches Poll,8,Oregon,1125
2022,9,Coaches Poll,9,Oklahoma State,1031
2022,9,Coaches Poll,10,Wake Forest,949
2022,9,Coaches Poll,11,USC,941
2022,9,Coaches Poll,12,Ole Miss,816
2022,9,Coaches Poll,13,Penn State,789
2022,9,Coaches Poll,14,Utah,782
2022,9,Coaches Poll,15,UCLA,744
2022,9,Coaches Poll,16,Syracuse,554
2022,9,Coaches Poll,17,Kentucky,473
2022,9,Coaches Poll,18,Illinois,469
2022,9,Coaches Poll,19,Cincinnati,441
2022,9,Coaches Poll,20,LSU,350
2022,9,Coaches Poll,21,North Carolina,347
2022,9,Coaches Poll,22,Kansas State,261
2022,9,Coaches Poll,23,NC State,259
2022,9,Coaches Poll,24,Tulane,206
2022,9,Coaches Poll,25,South Carolina,87
2022,9,AP Top 25,1,Georgia,1530
2022,9,AP Top 25,2,Ohio State,1513
2022,9,AP Top 25,3,Tennessee,1476
2022,9,AP Top 25,4,Michigan,1382
2022,9,AP Top 25,5,Clemson,1318
2022,9,AP Top 25,6,Alabama,1266
2022,9,AP Top 25,7,TCU,1213
2022,9,AP Top 25,8,Oregon,1114
2022,9,AP Top 25,9,Oklahoma State,1064
2022,9,AP Top 25,10,USC,927
2022,9,AP Top 25,10,Wake Forest,927
2022,9,AP Top 25,12,UCLA,803
2022,9,AP Top 25,13,Penn State,783
2022,9,AP Top 25,14,Utah,766
2022,9,AP Top 25,15,Ole Miss,744
2022,9,AP Top 25,16,Syracuse,626
2022,9,AP Top 25,17,Illinois,508
2022,9,AP Top 25,18,LSU,502
2022,9,AP Top 25,19,Kentucky,429
2022,9,AP Top 25,20,Cincinnati,386
2022,9,AP Top 25,21,North Carolina,278
2022,9,AP Top 25,22,Kansas State,272
2022,9,AP Top 25,23,Tulane,243
2022,9,AP Top 25,24,NC State,169
2022,9,AP Top 25,25,South Carolina,113
2022,9,FCS Coaches Poll,1,South Dakota State,649
2022,9,FCS Coaches Poll,2,Montana State,611
2022,9,FCS Coaches Poll,3,Sacramento State,603
2022,9,FCS Coaches Poll,4,North Dakota State,546
2022,9,FCS Coaches Poll,5,Jackson State,507
2022,9,FCS Coaches Poll,6,Chattanooga,500
2022,9,FCS Coaches Poll,7,Weber State,485
2022,9,FCS Coaches Poll,8,Holy Cross,458
2022,9,FCS Coaches Poll,9,Incarnate Word,452
2022,9,FCS Coaches Poll,10,Montana,408
2022,9,FCS Coaches Poll,11,Delaware,395
2022,9,FCS Coaches Poll,12,William & Mary,360
2022,9,FCS Coaches Poll,13,Samford,328
2022,9,FCS Coaches Poll,14,Southeast Missouri State,265
2022,9,FCS Coaches Poll,15,Fordham,263
2022,9,FCS Coaches Poll,16,Mercer,250
2022,9,FCS Coaches Poll,17,Rhode Island,216
2022,9,FCS Coaches Poll,18,UT Martin,207
2022,9,FCS Coaches Poll,19,Stephen F. Austin,170
2022,9,FCS Coaches Poll,20,Richmond,164
2022,9,FCS Coaches Poll,21,Austin Peay,116
2022,9,FCS Coaches Poll,22,Princeton,113
2022,9,FCS Coaches Poll,23,Idaho,111
2022,9,FCS Coaches Poll,24,Southern Illinois,58
2022,9,FCS Coaches Poll,25,New Hampshire,57
2022,9,AFCA Division II Coaches Poll,1,Grand Valley State,748
2022,9,AFCA Division II Coaches Poll,2,Angelo State,718
2022,9,AFCA Division II Coaches Poll,3,Shepherd,677
2022,9,AFCA Division II Coaches Poll,4,Ouachita Baptist,654
2022,9,AFCA Division II Coaches Poll,5,Pittsburg State,627
2022,9,AFCA Division II Coaches Poll,6,Ashland,593
2022,9,AFCA Division II Coaches Poll,7,Ferris State,565
2022,9,AFCA Division II Coaches Poll,8,Delta State,555
2022,9,AFCA Division II Coaches Poll,9,West Florida,497
2022,9,AFCA Division II Coaches Poll,10,Virginia Union,488
2022,9,AFCA Division II Coaches Poll,11,Indiana (PA),447
2022,9,AFCA Division II Coaches Poll,12,Newberry,381
2022,9,AFCA Division II Coaches Poll,13,Northwest Missouri State,350
2022,9,AFCA Division II Coaches Poll,13,Slippery Rock,350
2022,9,AFCA Division II Coaches Poll,15,Benedict College,328
2022,9,AFCA Division II Coaches Poll,16,Colorado Mines,272
2022,9,AFCA Division II Coaches Poll,17,Indianapolis,241
2022,9,AFCA Division II Coaches Poll,18,Davenport,235
2022,9,AFCA Division II Coaches Poll,19,Sioux Falls,191
2022,9,AFCA Division II Coaches Poll,20,Texas A&M-Kingsville,163
2022,9,AFCA Division II Coaches Poll,21,Harding,143
2022,9,AFCA Division II Coaches Poll,22,Lenoir-Rhyne,138
2022,9,AFCA Division II Coaches Poll,23,Saginaw Valley,128
2022,9,AFCA Division II Coaches Poll,24,West Georgia,103
2022,9,AFCA Division II Coaches Poll,25,New Haven,45
2022,9,AFCA Division III Coaches Poll,1,North Central,1168
2022,9,AFCA Division III Coaches Poll,2,Mount Union,1129
2022,9,AFCA Division III Coaches Poll,3,Mary Hardin-Baylor,1065
2022,9,AFCA Division III Coaches Poll,4,Linfield,1015
2022,9,AFCA Division III Coaches Poll,5,Trinity (TX),946
2022,9,AFCA Division III Coaches Poll,6,Johns Hopkins,907
2022,9,AFCA Division III Coaches Poll,7,St. Johns (MN),872
2022,9,AFCA Division III Coaches Poll,8,Wisconsin-La Crosse,794
2022,9,AFCA Division III Coaches Poll,9,Delaware Valley,731
2022,9,AFCA Division III Coaches Poll,10,SUNY Cortland,724
2022,9,AFCA Division III Coaches Poll,11,Hardin-Simmons,704
2022,9,AFCA Division III Coaches Poll,12,Ithaca,666
2022,9,AFCA Division III Coaches Poll,13,Bethel (MN),592
2022,9,AFCA Division III Coaches Poll,14,UW-Whitewater,559
2022,9,AFCA Division III Coaches Poll,15,Wartburg,541
2022,9,AFCA Division III Coaches Poll,16,Randolph-Macon,469
2022,9,AFCA Division III Coaches Poll,17,Carnegie Mellon,399
2022,9,AFCA Division III Coaches Poll,18,Susquehanna,374
2022,9,AFCA Division III Coaches Poll,19,Albion,367
2022,9,AFCA Division III Coaches Poll,20,Wheaton College (Ill),270
2022,9,AFCA Division III Coaches Poll,21,Huntingdon,200
2022,9,AFCA Division III Coaches Poll,22,UW-River Falls,198
2022,9,AFCA Division III Coaches Poll,23,Mount St. Joseph,137
2022,9,AFCA Division III Coaches Poll,24,Endicott College,103
2022,9,AFCA Division III Coaches Poll,25,John Carroll,61
2022,10,Coaches Poll,1,Georgia,1552
2022,10,Coaches Poll,2,Ohio State,1505
2022,10,Coaches Poll,3,Tennessee,1455
2022,10,Coaches Poll,4,Michigan,1391
2022,10,Coaches Poll,5,Clemson,1315
2022,10,Coaches Poll,6,Alabama,1262
2022,10,Coaches Poll,7,TCU,1182
2022,10,Coaches Poll,8,Oregon,1118
2022,10,Coaches Poll,9,USC,1018
2022,10,Coaches Poll,10,Ole Miss,973
2022,10,Coaches Poll,11,UCLA,937
2022,10,Coaches Poll,12,Utah,874
2022,10,Coaches Poll,13,Illinois,767
2022,10,Coaches Poll,14,Kansas State,713
2022,10,Coaches Poll,15,North Carolina,630
2022,10,Coaches Poll,16,Penn State,602
2022,10,Coaches Poll,17,LSU,596
2022,10,Coaches Poll,18,Oklahoma State,471
2022,10,Coaches Poll,19,Wake Forest,437
2022,10,Coaches Poll,20,NC State,386
2022,10,Coaches Poll,21,Tulane,369
2022,10,Coaches Poll,22,Syracuse,188
2022,10,Coaches Poll,23,Liberty,147
2022,10,Coaches Poll,24,Kentucky,109
2022,10,Coaches Poll,25,UCF,89
2022,10,AP Top 25,1,Georgia,1528
2022,10,AP Top 25,2,Tennessee,1500
2022,10,AP Top 25,2,Ohio State,1500
2022,10,AP Top 25,4,Michigan,1378
2022,10,AP Top 25,5,Clemson,1312
2022,10,AP Top 25,6,Alabama,1258
2022,10,AP Top 25,7,TCU,1220
2022,10,AP Top 25,8,Oregon,1135
2022,10,AP Top 25,9,USC,1010
2022,10,AP Top 25,10,UCLA,979
2022,10,AP Top 25,11,Ole Miss,905
2022,10,AP Top 25,12,Utah,876
2022,10,AP Top 25,13,Kansas State,772
2022,10,AP Top 25,14,Illinois,741
2022,10,AP Top 25,15,LSU,679
2022,10,AP Top 25,16,Penn State,641
2022,10,AP Top 25,17,North Carolina,542
2022,10,AP Top 25,18,Oklahoma State,513
2022,10,AP Top 25,19,Tulane,455
2022,10,AP Top 25,20,Wake Forest,388
2022,10,AP Top 25,21,NC State,285
2022,10,AP Top 25,22,Syracuse,205
2022,10,AP Top 25,23,Liberty,136
2022,10,AP Top 25,24,Oregon State,129
2022,10,AP Top 25,25,UCF,111
2022,10,FCS Coaches Poll,1,South Dakota State,673
2022,10,FCS Coaches Poll,2,Montana State,638
2022,10,FCS Coaches Poll,3,Sacramento State,624
2022,10,FCS Coaches Poll,4,North Dakota State,566
2022,10,FCS Coaches Poll,5,Jackson State,553
2022,10,FCS Coaches Poll,6,Weber State,542
2022,10,FCS Coaches Poll,7,Holy Cross,509
2022,10,FCS Coaches Poll,8,Incarnate Word,497
2022,10,FCS Coaches Poll,9,William & Mary,464
2022,10,FCS Coaches Poll,10,Samford,431
2022,10,FCS Coaches Poll,11,Mercer,372
2022,10,FCS Coaches Poll,12,Chattanooga,327
2022,10,FCS Coaches Poll,13,Montana,297
2022,10,FCS Coaches Poll,14,Richmond,285
2022,10,FCS Coaches Poll,15,UT Martin,245
2022,10,FCS Coaches Poll,16,Delaware,230
2022,10,FCS Coaches Poll,17,Princeton,228
2022,10,FCS Coaches Poll,18,Fordham,210
2022,10,FCS Coaches Poll,19,Furman,193
2022,10,FCS Coaches Poll,20,Southeast Missouri State,165
2022,10,FCS Coaches Poll,21,New Hampshire,132
2022,10,FCS Coaches Poll,22,Rhode Island,110
2022,10,FCS Coaches Poll,23,Elon,98
2022,10,FCS Coaches Poll,24,Idaho,93
2022,10,FCS Coaches Poll,25,St. Thomas (MN),69
2022,10,AFCA Division II Coaches Poll,1,Grand Valley State,748
2022,10,AFCA Division II Coaches Poll,2,Angelo State,720
2022,10,AFCA Division II Coaches Poll,3,Shepherd,677
2022,10,AFCA Division II Coaches Poll,4,Ouachita Baptist,652
2022,10,AFCA Division II Coaches Poll,5,Pittsburg State,632
2022,10,AFCA Division II Coaches Poll,6,Delta State,583
2022,10,AFCA Division II Coaches Poll,7,Ferris State,573
2022,10,AFCA Division II Coaches Poll,8,West Florida,512
2022,10,AFCA Division II Coaches Poll,9,Benedict College,456
2022,10,AFCA Division II Coaches Poll,10,Slippery Rock,453
2022,10,AFCA Division II Coaches Poll,11,Northwest Missouri State,446
2022,10,AFCA Division II Coaches Poll,12,Colorado Mines,379
2022,10,AFCA Division II Coaches Poll,13,Davenport,376
2022,10,AFCA Division II Coaches Poll,14,Ashland,348
2022,10,AFCA Division II Coaches Poll,15,Indianapolis,334
2022,10,AFCA Division II Coaches Poll,16,Virginia Union,276
2022,10,AFCA Division II Coaches Poll,17,Harding,248
2022,10,AFCA Division II Coaches Poll,17,Indiana (PA),248
2022,10,AFCA Division II Coaches Poll,19,West Georgia,223
2022,10,AFCA Division II Coaches Poll,20,Wingate,190
2022,10,AFCA Division II Coaches Poll,21,Truman State,143
2022,10,AFCA Division II Coaches Poll,22,Newberry,138
2022,10,AFCA Division II Coaches Poll,23,Emporia State,80
2022,10,AFCA Division II Coaches Poll,24,Minnesota State,68
2022,10,AFCA Division II Coaches Poll,25,Sioux Falls,46
2022,10,AFCA Division III Coaches Poll,1,North Central,1168
2022,10,AFCA Division III Coaches Poll,2,Mount Union,1128
2022,10,AFCA Division III Coaches Poll,3,Mary Hardin-Baylor,1068
2022,10,AFCA Division III Coaches Poll,4,Linfield,1018
2022,10,AFCA Division III Coaches Poll,5,Trinity (TX),959
2022,10,AFCA Division III Coaches Poll,6,St. Johns (MN),931
2022,10,AFCA Division III Coaches Poll,7,Wisconsin-La Crosse,840
2022,10,AFCA Division III Coaches Poll,8,Delaware Valley,789
2022,10,AFCA Division III Coaches Poll,9,SUNY Cortland,758
2022,10,AFCA Division III Coaches Poll,10,Hardin-Simmons,745
2022,10,AFCA Division III Coaches Poll,11,Ithaca,696
2022,10,AFCA Division III Coaches Poll,12,Bethel (MN),621
2022,10,AFCA Division III Coaches Poll,13,UW-Whitewater,598
2022,10,AFCA Division III Coaches Poll,14,Wartburg,556
2022,10,AFCA Division III Coaches Poll,15,Susquehanna,550
2022,10,AFCA Division III Coaches Poll,16,Randolph-Macon,478
2022,10,AFCA Division III Coaches Poll,17,Carnegie Mellon,405
2022,10,AFCA Division III Coaches Poll,18,Johns Hopkins,385
2022,10,AFCA Division III Coaches Poll,19,Albion,370
2022,10,AFCA Division III Coaches Poll,20,Wheaton College (Ill),281
2022,10,AFCA Division III Coaches Poll,21,Huntingdon,231
2022,10,AFCA Division III Coaches Poll,22,Mount St. Joseph,168
2022,10,AFCA Division III Coaches Poll,23,Endicott College,129
2022,10,AFCA Division III Coaches Poll,24,John Carroll,113
2022,10,AFCA Division III Coaches Poll,25,UW-River Falls,72
2022,10,Playoff Committee Rankings,1,Tennessee,0
2022,10,Playoff Committee Rankings,2,Ohio State,0
2022,10,Playoff Committee Rankings,3,Georgia,0
2022,10,Playoff Committee Rankings,4,Clemson,0
2022,10,Playoff Committee Rankings,5,Michigan,0
2022,10,Playoff Committee Rankings,6,Alabama,0
2022,10,Playoff Committee Rankings,7,TCU,0
2022,10,Playoff Committee Rankings,8,Oregon,0
2022,10,Playoff Committee Rankings,9,USC,0
2022,10,Playoff Committee Rankings,10,LSU,0
2022,10,Playoff Committee Rankings,11,Ole Miss,0
2022,10,Playoff Committee Rankings,12,UCLA,0
2022,10,Playoff Committee Rankings,13,Kansas State,0
2022,10,Playoff Committee Rankings,14,Utah,0
2022,10,Playoff Committee Rankings,15,Penn State,0
2022,10,Playoff Committee Rankings,16,Illinois,0
2022,10,Playoff Committee Rankings,17,North Carolina,0
2022,10,Playoff Committee Rankings,18,Oklahoma State,0
2022,10,Playoff Committee Rankings,19,Tulane,0
2022,10,Playoff Committee Rankings,20,Syracuse,0
2022,10,Playoff Committee Rankings,21,Wake Forest,0
2022,10,Playoff Committee Rankings,22,NC State,0
2022,10,Playoff Committee Rankings,23,Oregon State,0
2022,10,Playoff Committee Rankings,24,Texas,0
2022,10,Playoff Committee Rankings,25,UCF,0
2022,11,Coaches Poll,1,Georgia,1572
2022,11,Coaches Poll,2,Ohio State,1505
2022,11,Coaches Poll,3,Michigan,1447
2022,11,Coaches Poll,4,TCU,1355
2022,11,Coaches Poll,5,Tennessee,1284
2022,11,Coaches Poll,6,Oregon,1272
2022,11,Coaches Poll,7,USC,1140
2022,11,Coaches Poll,8,LSU,1082
2022,11,Coaches Poll,9,Ole Miss,1056
2022,11,Coaches Poll,10,UCLA,988
2022,11,Coaches Poll,11,Alabama,973
2022,11,Coaches Poll,12,Clemson,896
2022,11,Coaches Poll,13,Utah,888
2022,11,Coaches Poll,14,North Carolina,737
2022,11,Coaches Poll,15,Penn State,717
2022,11,Coaches Poll,16,NC State,568
2022,11,Coaches Poll,17,Tulane,555
2022,11,Coaches Poll,18,Texas,368
2022,11,Coaches Poll,19,Liberty,366
2022,11,Coaches Poll,20,Illinois,302
2022,11,Coaches Poll,21,UCF,273
2022,11,Coaches Poll,22,Kansas State,243
2022,11,Coaches Poll,23,Washington,175
2022,11,Coaches Poll,24,Kentucky,173
2022,11,Coaches Poll,25,Notre Dame,133
2022,11,AP Top 25,1,Georgia,1574
2022,11,AP Top 25,2,Ohio State,1500
2022,11,AP Top 25,3,Michigan,1455
2022,11,AP Top 25,4,TCU,1361
2022,11,AP Top 25,5,Tennessee,1339
2022,11,AP Top 25,6,Oregon,1258
2022,11,AP Top 25,7,LSU,1132
2022,11,AP Top 25,8,USC,1061
2022,11,AP Top 25,9,UCLA,1040
2022,11,AP Top 25,10,Alabama,1009
2022,11,AP Top 25,11,Ole Miss,962
2022,11,AP Top 25,12,Clemson,938
2022,11,AP Top 25,13,Utah,881
2022,11,AP Top 25,14,Penn State,735
2022,11,AP Top 25,15,North Carolina,676
2022,11,AP Top 25,16,Tulane,607
2022,11,AP Top 25,17,NC State,547
2022,11,AP Top 25,18,Texas,399
2022,11,AP Top 25,19,Liberty,358
2022,11,AP Top 25,20,Notre Dame,316
2022,11,AP Top 25,21,Illinois,262
2022,11,AP Top 25,22,UCF,257
2022,11,AP Top 25,23,Kansas State,247
2022,11,AP Top 25,24,Washington,187
2022,11,AP Top 25,25,Florida State,78
2022,11,FCS Coaches Poll,1,South Dakota State,669
2022,11,FCS Coaches Poll,2,Sacramento State,639
2022,11,FCS Coaches Poll,3,Montana State,630
2022,11,FCS Coaches Poll,4,North Dakota State,589
2022,11,FCS Coaches Poll,5,Jackson State,541
2022,11,FCS Coaches Poll,6,Holy Cross,520
2022,11,FCS Coaches Poll,7,Incarnate Word,511
2022,11,FCS Coaches Poll,8,William & Mary,481
2022,11,FCS Coaches Poll,9,Samford,449
2022,11,FCS Coaches Poll,10,Weber State,438
2022,11,FCS Coaches Poll,11,Mercer,390
2022,11,FCS Coaches Poll,12,Chattanooga,370
2022,11,FCS Coaches Poll,13,Richmond,335
2022,11,FCS Coaches Poll,14,Montana,320
2022,11,FCS Coaches Poll,15,Delaware,277
2022,11,FCS Coaches Poll,16,Princeton,234
2022,11,FCS Coaches Poll,16,Furman,234
2022,11,FCS Coaches Poll,18,Fordham,221
2022,11,FCS Coaches Poll,19,Southeast Missouri State,197
2022,11,FCS Coaches Poll,20,Idaho,153
2022,11,FCS Coaches Poll,21,Elon,145
2022,11,FCS Coaches Poll,22,Rhode Island,140
2022,11,FCS Coaches Poll,23,St. Thomas (MN),51
2022,11,FCS Coaches Poll,24,Eastern Kentucky,40
2022,11,FCS Coaches Poll,25,New Hampshire,36
2022,11,AFCA Division II Coaches Poll,1,Grand Valley State,748
2022,11,AFCA Division II Coaches Poll,2,Angelo State,722
2022,11,AFCA Division II Coaches Poll,3,Shepherd,682
2022,11,AFCA Division II Coaches Poll,4,Ouachita Baptist,655
2022,11,AFCA Division II Coaches Poll,5,Pittsburg State,633
2022,11,AFCA Division II Coaches Poll,6,Ferris State,596
2022,11,AFCA Division II Coaches Poll,7,West Florida,560
2022,11,AFCA Division II Coaches Poll,8,Benedict College,532
2022,11,AFCA Division II Coaches Poll,9,Slippery Rock,496
2022,11,AFCA Division II Coaches Poll,10,Northwest Missouri State,459
2022,11,AFCA Division II Coaches Poll,11,Colorado Mines,427
2022,11,AFCA Division II Coaches Poll,12,Delta State,389
2022,11,AFCA Division II Coaches Poll,13,Ashland,383
2022,11,AFCA Division II Coaches Poll,14,Indianapolis,357
2022,11,AFCA Division II Coaches Poll,15,Virginia Union,325
2022,11,AFCA Division II Coaches Poll,16,West Georgia,296
2022,11,AFCA Division II Coaches Poll,17,Harding,254
2022,11,AFCA Division II Coaches Poll,18,Davenport,239
2022,11,AFCA Division II Coaches Poll,19,Indiana (PA),234
2022,11,AFCA Division II Coaches Poll,20,Truman State,202
2022,11,AFCA Division II Coaches Poll,21,Newberry,148
2022,11,AFCA Division II Coaches Poll,22,Emporia State,136
2022,11,AFCA Division II Coaches Poll,23,Minnesota State,101
2022,11,AFCA Division II Coaches Poll,24,Henderson State,46
2022,11,AFCA Division II Coaches Poll,25,Winona State,36
2022,11,Playoff Committee Rankings,1,Georgia,0
2022,11,Playoff Committee Rankings,2,Ohio State,0
2022,11,Playoff Committee Rankings,3,Michigan,0
2022,11,Playoff Committee Rankings,4,TCU,0
2022,11,Playoff Committee Rankings,5,Tennessee,0
2022,11,Playoff Committee Rankings,6,Oregon,0
2022,11,Playoff Committee Rankings,7,LSU,0
2022,11,Playoff Committee Rankings,8,USC,0
2022,11,Playoff Committee Rankings,9,Alabama,0
2022,11,Playoff Committee Rankings,10,Clemson,0
2022,11,Playoff Committee Rankings,11,Ole Miss,0
2022,11,Playoff Committee Rankings,12,UCLA,0
2022,11,Playoff Committee Rankings,13,Utah,0
2022,11,Playoff Committee Rankings,14,Penn State,0
2022,11,Playoff Committee Rankings,15,North Carolina,0
2022,11,Playoff Committee Rankings,16,NC State,0
2022,11,Playoff Committee Rankings,17,Tulane,0
2022,11,Playoff Committee Rankings,18,Texas,0
2022,11,Playoff Committee Rankings,19,Kansas State,0
2022,11,Playoff Committee Rankings,20,Notre Dame,0
2022,11,Playoff Committee Rankings,21,Illinois,0
2022,11,Playoff Committee Rankings,22,UCF,0
2022,11,Playoff Committee Rankings,23,Florida State,0
2022,11,Playoff Committee Rankings,24,Kentucky,0
2022,11,Playoff Committee Rankings,25,Washington,0
2022,12,Coaches Poll,1,Georgia,1572
2022,12,Coaches Poll,2,Ohio State,1509
2022,12,Coaches Poll,3,Michigan,1445
2022,12,Coaches Poll,4,TCU,1377
2022,12,Coaches Poll,5,Tennessee,1332
2022,12,Coaches Poll,6,USC,1214
2022,12,Coaches Poll,7,LSU,1199
2022,12,Coaches Poll,8,Alabama,1122
2022,12,Coaches Poll,9,Clemson,1059
2022,12,Coaches Poll,10,Utah,961
2022,12,Coaches Poll,11,North Carolina,904
2022,12,Coaches Poll,12,Penn State,859
2022,12,Coaches Poll,13,Oregon,828
2022,12,Coaches Poll,14,Ole Miss,824
2022,12,Coaches Poll,15,Washington,670
2022,12,Coaches Poll,16,UCLA,572
2022,12,Coaches Poll,17,Kansas State,547
2022,12,Coaches Poll,18,UCF,522
2022,12,Coaches Poll,19,Notre Dame,412
2022,12,Coaches Poll,20,Florida State,364
2022,12,Coaches Poll,21,Cincinnati,236
2022,12,Coaches Poll,22,Tulane,203
2022,12,Coaches Poll,23,Coastal Carolina,179
2022,12,Coaches Poll,24,Oklahoma State,115
2022,12,Coaches Poll,25,NC State,89
2022,12,AP Top 25,1,Georgia,1574
2022,12,AP Top 25,2,Ohio State,1501
2022,12,AP Top 25,3,Michigan,1453
2022,12,AP Top 25,4,TCU,1374
2022,12,AP Top 25,5,Tennessee,1341
2022,12,AP Top 25,6,LSU,1218
2022,12,AP Top 25,7,USC,1152
2022,12,AP Top 25,8,Alabama,1140
2022,12,AP Top 25,9,Clemson,1055
2022,12,AP Top 25,10,Utah,965
2022,12,AP Top 25,11,Penn State,882
2022,12,AP Top 25,12,Oregon,856
2022,12,AP Top 25,13,North Carolina,843
2022,12,AP Top 25,14,Ole Miss,797
2022,12,AP Top 25,15,Washington,693
2022,12,AP Top 25,16,UCLA,648
2022,12,AP Top 25,17,UCF,537
2022,12,AP Top 25,18,Notre Dame,495
2022,12,AP Top 25,19,Kansas State,468
2022,12,AP Top 25,20,Florida State,386
2022,12,AP Top 25,21,Tulane,273
2022,12,AP Top 25,22,Cincinnati,237
2022,12,AP Top 25,23,Coastal Carolina,143
2022,12,AP Top 25,24,Oklahoma State,85
2022,12,AP Top 25,25,Oregon State,81
2022,12,FCS Coaches Poll,1,South Dakota State,695
2022,12,FCS Coaches Poll,2,Sacramento State,673
2022,12,FCS Coaches Poll,3,Montana State,642
2022,12,FCS Coaches Poll,4,North Dakota State,602
2022,12,FCS Coaches Poll,5,Jackson State,575
2022,12,FCS Coaches Poll,6,Holy Cross,531
2022,12,FCS Coaches Poll,7,Incarnate Word,527
2022,12,FCS Coaches Poll,8,William & Mary,514
2022,12,FCS Coaches Poll,9,Samford,496
2022,12,FCS Coaches Poll,10,Weber State,462
2022,12,FCS Coaches Poll,11,Richmond,410
2022,12,FCS Coaches Poll,12,Montana,375
2022,12,FCS Coaches Poll,13,Furman,360
2022,12,FCS Coaches Poll,14,Fordham,290
2022,12,FCS Coaches Poll,15,Southeast Missouri State,289
2022,12,FCS Coaches Poll,16,Mercer,275
2022,12,FCS Coaches Poll,17,Chattanooga,262
2022,12,FCS Coaches Poll,18,Elon,225
2022,12,FCS Coaches Poll,19,Delaware,165
2022,12,FCS Coaches Poll,20,New Hampshire,147
2022,12,FCS Coaches Poll,21,St. Thomas (MN),114
2022,12,FCS Coaches Poll,22,Princeton,86
2022,12,FCS Coaches Poll,23,North Dakota,75
2022,12,FCS Coaches Poll,24,Florida A&M,67
2022,12,FCS Coaches Poll,25,North Carolina Central,56
2022,12,AFCA Division II Coaches Poll,1,Grand Valley State,747
2022,12,AFCA Division II Coaches Poll,2,Angelo State,719
2022,12,AFCA Division II Coaches Poll,3,Ouachita Baptist,683
2022,12,AFCA Division II Coaches Poll,4,Pittsburg State,666
2022,12,AFCA Division II Coaches Poll,5,Ferris State,621
2022,12,AFCA Division II Coaches Poll,6,West Florida,584
2022,12,AFCA Division II Coaches Poll,7,Benedict College,566
2022,12,AFCA Division II Coaches Poll,8,Northwest Missouri State,491
2022,12,AFCA Division II Coaches Poll,9,Delta State,484
2022,12,AFCA Division II Coaches Poll,10,Colorado Mines,480
2022,12,AFCA Division II Coaches Poll,11,Shepherd,449
2022,12,AFCA Division II Coaches Poll,12,Ashland,415
2022,12,AFCA Division II Coaches Poll,13,Indianapolis,384
2022,12,AFCA Division II Coaches Poll,14,Virginia Union,366
2022,12,AFCA Division II Coaches Poll,15,Indiana (PA),335
2022,12,AFCA Division II Coaches Poll,16,West Georgia,310
2022,12,AFCA Division II Coaches Poll,17,Harding,298
2022,12,AFCA Division II Coaches Poll,18,Newberry,208
2022,12,AFCA Division II Coaches Poll,19,Minnesota State,203
2022,12,AFCA Division II Coaches Poll,20,Slippery Rock,189
2022,12,AFCA Division II Coaches Poll,21,Davenport,123
2022,12,AFCA Division II Coaches Poll,22,Wingate,88
2022,12,AFCA Division II Coaches Poll,23,Truman State,66
2022,12,AFCA Division II Coaches Poll,24,Notre Dame College,40
2022,12,AFCA Division II Coaches Poll,24,Emporia State,40
2022,12,AFCA Division III Coaches Poll,1,North Central,1172
2022,12,AFCA Division III Coaches Poll,2,Mount Union,1101
2022,12,AFCA Division III Coaches Poll,3,Mary Hardin-Baylor,1068
2022,12,AFCA Division III Coaches Poll,4,Linfield,1039
2022,12,AFCA Division III Coaches Poll,5,Trinity (TX),949
2022,12,AFCA Division III Coaches Poll,6,St. Johns (MN),932
2022,12,AFCA Division III Coaches Poll,7,Wisconsin-La Crosse,852
2022,12,AFCA Division III Coaches Poll,8,Delaware Valley,785
2022,12,AFCA Division III Coaches Poll,9,Ithaca,760
2022,12,AFCA Division III Coaches Poll,10,Hardin-Simmons,733
2022,12,AFCA Division III Coaches Poll,11,UW-Whitewater,700
2022,12,AFCA Division III Coaches Poll,12,Wartburg,666
2022,12,AFCA Division III Coaches Poll,13,Susquehanna,628
2022,12,AFCA Division III Coaches Poll,14,Randolph-Macon,543
2022,12,AFCA Division III Coaches Poll,15,Carnegie Mellon,471
2022,12,AFCA Division III Coaches Poll,16,Johns Hopkins,451
2022,12,AFCA Division III Coaches Poll,17,SUNY Cortland,408
2022,12,AFCA Division III Coaches Poll,18,Wheaton College (Ill),357
2022,12,AFCA Division III Coaches Poll,19,Huntingdon,305
2022,12,AFCA Division III Coaches Poll,20,Bethel (MN),291
2022,12,AFCA Division III Coaches Poll,21,Mount St. Joseph,243
2022,12,AFCA Division III Coaches Poll,22,Alma College,233
2022,12,AFCA Division III Coaches Poll,23,Endicott College,207
2022,12,AFCA Division III Coaches Poll,24,Salisbury,97
2022,12,AFCA Division III Coaches Poll,25,Albion,71
2022,12,Playoff Committee Rankings,1,Georgia,0
2022,12,Playoff Committee Rankings,2,Ohio State,0
2022,12,Playoff Committee Rankings,3,Michigan,0
2022,12,Playoff Committee Rankings,4,TCU,0
2022,12,Playoff Committee Rankings,5,Tennessee,0
2022,12,Playoff Committee Rankings,6,LSU,0
2022,12,Playoff Committee Rankings,7,USC,0
2022,12,Playoff Committee Rankings,8,Alabama,0
2022,12,Playoff Committee Rankings,9,Clemson,0
2022,12,Playoff Committee Rankings,10,Utah,0
2022,12,Playoff Committee Rankings,11,Penn State,0
2022,12,Playoff Committee Rankings,12,Oregon,0
2022,12,Playoff Committee Rankings,13,North Carolina,0
2022,12,Playoff Committee Rankings,14,Ole Miss,0
2022,12,Playoff Committee Rankings,15,Kansas State,0
2022,12,Playoff Committee Rankings,16,UCLA,0
2022,12,Playoff Committee Rankings,17,Washington,0
2022,12,Playoff Committee Rankings,18,Notre Dame,0
2022,12,Playoff Committee Rankings,19,Florida State,0
2022,12,Playoff Committee Rankings,20,UCF,0
2022,12,Playoff Committee Rankings,21,Tulane,0
2022,12,Playoff Committee Rankings,22,Oklahoma State,0
2022,12,Playoff Committee Rankings,23,Oregon State,0
2022,12,Playoff Committee Rankings,24,NC State,0
2022,12,Playoff Committee Rankings,25,Cincinnati,0
2022,13,Coaches Poll,1,Georgia,1546
2022,13,Coaches Poll,2,Ohio State,1484
2022,13,Coaches Poll,3,Michigan,1420
2022,13,Coaches Poll,4,TCU,1372
2022,13,Coaches Poll,5,USC,1277
2022,13,Coaches Poll,6,LSU,1229
2022,13,Coaches Poll,7,Alabama,1147
2022,13,Coaches Poll,8,Clemson,1142
2022,13,Coaches Poll,9,Oregon,1004
2022,13,Coaches Poll,10,Penn State,990
2022,13,Coaches Poll,11,Tennessee,950
2022,13,Coaches Poll,12,Washington,855
2022,13,Coaches Poll,13,Kansas State,761
2022,13,Coaches Poll,14,Utah,703
2022,13,Coaches Poll,15,Notre Dame,657
2022,13,Coaches Poll,16,Florida State,562
2022,13,Coaches Poll,17,North Carolina,496
2022,13,Coaches Poll,18,UCLA,483
2022,13,Coaches Poll,19,Ole Miss,429
2022,13,Coaches Poll,20,Tulane,386
2022,13,Coaches Poll,21,Cincinnati,376
2022,13,Coaches Poll,22,Oregon State,257
2022,13,Coaches Poll,23,Coastal Carolina,222
2022,13,Coaches Poll,24,Texas,112
2022,13,Coaches Poll,25,UT San Antonio,70
2022,13,AP Top 25,1,Georgia,1574
2022,13,AP Top 25,2,Ohio State,1507
2022,13,AP Top 25,3,Michigan,1446
2022,13,AP Top 25,4,TCU,1395
2022,13,AP Top 25,5,USC,1293
2022,13,AP Top 25,6,LSU,1241
2022,13,AP Top 25,7,Clemson,1152
2022,13,AP Top 25,8,Alabama,1131
2022,13,AP Top 25,9,Tennessee,1058
2022,13,AP Top 25,10,Oregon,1009
2022,13,AP Top 25,11,Penn State,994
2022,13,AP Top 25,12,Washington,879
2022,13,AP Top 25,13,Notre Dame,710
2022,13,AP Top 25,14,Utah,709
2022,13,AP Top 25,15,Kansas State,697
2022,13,AP Top 25,16,Florida State,579
2022,13,AP Top 25,17,UCLA,562
2022,13,AP Top 25,18,North Carolina,464
2022,13,AP Top 25,19,Tulane,441
2022,13,AP Top 25,20,Ole Miss,395
2022,13,AP Top 25,21,Cincinnati,353
2022,13,AP Top 25,22,Oregon State,271
2022,13,AP Top 25,23,Coastal Carolina,186
2022,13,AP Top 25,24,Texas,128
2022,13,AP Top 25,25,UCF,87
2022,13,FCS Coaches Poll,1,South Dakota State,696
2022,13,FCS Coaches Poll,2,Sacramento State,672
2022,13,FCS Coaches Poll,3,Montana State,641
2022,13,FCS Coaches Poll,4,North Dakota State,603
2022,13,FCS Coaches Poll,5,Jackson State,556
2022,13,FCS Coaches Poll,6,Holy Cross,536
2022,13,FCS Coaches Poll,7,Incarnate Word,533
2022,13,FCS Coaches Poll,8,William & Mary,522
2022,13,FCS Coaches Poll,9,Samford,496
2022,13,FCS Coaches Poll,10,Weber State,463
2022,13,FCS Coaches Poll,11,Furman,387
2022,13,FCS Coaches Poll,12,Southeast Missouri State,359
2022,13,FCS Coaches Poll,13,Fordham,355
2022,13,FCS Coaches Poll,14,Richmond,326
2022,13,FCS Coaches Poll,15,Elon,307
2022,13,FCS Coaches Poll,16,New Hampshire,246
2022,13,FCS Coaches Poll,17,Montana,212
2022,13,FCS Coaches Poll,18,Mercer,177
2022,13,FCS Coaches Poll,19,St. Thomas (MN),163
2022,13,FCS Coaches Poll,20,Florida A&M,136
2022,13,FCS Coaches Poll,21,North Carolina Central,109
2022,13,FCS Coaches Poll,22,Chattanooga,95
2022,13,FCS Coaches Poll,23,Southeastern Louisiana,63
2022,13,FCS Coaches Poll,24,Idaho,61
2022,13,FCS Coaches Poll,24,North Dakota,61
2022,13,Playoff Committee Rankings,1,Georgia,0
2022,13,Playoff Committee Rankings,2,Ohio State,0
2022,13,Playoff Committee Rankings,3,Michigan,0
2022,13,Playoff Committee Rankings,4,TCU,0
2022,13,Playoff Committee Rankings,5,LSU,0
2022,13,Playoff Committee Rankings,6,USC,0
2022,13,Playoff Committee Rankings,7,Alabama,0
2022,13,Playoff Committee Rankings,8,Clemson,0
2022,13,Playoff Committee Rankings,9,Oregon,0
2022,13,Playoff Committee Rankings,10,Tennessee,0
2022,13,Playoff Committee Rankings,11,Penn State,0
2022,13,Playoff Committee Rankings,12,Kansas State,0
2022,13,Playoff Committee Rankings,13,Washington,0
2022,13,Playoff Committee Rankings,14,Utah,0
2022,13,Playoff Committee Rankings,15,Notre Dame,0
2022,13,Playoff Committee Rankings,16,Florida State,0
2022,13,Playoff Committee Rankings,17,North Carolina,0
2022,13,Playoff Committee Rankings,18,UCLA,0
2022,13,Playoff Committee Rankings,19,Tulane,0
2022,13,Playoff Committee Rankings,20,Ole Miss,0
2022,13,Playoff Committee Rankings,21,Oregon State,0
2022,13,Playoff Committee Rankings,22,UCF,0
2022,13,Playoff Committee Rankings,23,Texas,0
2022,13,Playoff Committee Rankings,24,Cincinnati,0
2022,13,Playoff Committee Rankings,25,Louisville,0
2022,14,Coaches Poll,1,Georgia,1572
2022,14,Coaches Poll,2,Michigan,1512
2022,14,Coaches Poll,3,TCU,1446
2022,14,Coaches Poll,4,USC,1381
2022,14,Coaches Poll,5,Ohio State,1312
2022,14,Coaches Poll,6,Alabama,1262
2022,14,Coaches Poll,7,Penn State,1153
2022,14,Coaches Poll,8,Tennessee,1143
2022,14,Coaches Poll,9,Washington,1039
2022,14,Coaches Poll,10,Kansas State,930
2022,14,Coaches Poll,11,Clemson,900
2022,14,Coaches Poll,12,Utah,872
2022,14,Coaches Poll,13,LSU,845
2022,14,Coaches Poll,14,Florida State,739
2022,14,Coaches Poll,15,Oregon,681
2022,14,Coaches Poll,16,Oregon State,613
2022,14,Coaches Poll,17,UCLA,603
2022,14,Coaches Poll,18,Tulane,558
2022,14,Coaches Poll,19,Notre Dame,340
2022,14,Coaches Poll,20,South Carolina,299
2022,14,Coaches Poll,21,Texas,292
2022,14,Coaches Poll,22,North Carolina,175
2022,14,Coaches Poll,23,UCF,141
2022,14,Coaches Poll,24,UT San Antonio,127
2022,14,Coaches Poll,25,Mississippi State,88
2022,14,AP Top 25,1,Georgia,1570
2022,14,AP Top 25,2,Michigan,1516
2022,14,AP Top 25,3,TCU,1449
2022,14,AP Top 25,4,USC,1382
2022,14,AP Top 25,5,Ohio State,1313
2022,14,AP Top 25,6,Alabama,1243
2022,14,AP Top 25,7,Tennessee,1195
2022,14,AP Top 25,8,Penn State,1131
2022,14,AP Top 25,9,Washington,1048
2022,14,AP Top 25,10,Clemson,928
2022,14,AP Top 25,11,LSU,874
2022,14,AP Top 25,12,Utah,849
2022,14,AP Top 25,13,Kansas State,815
2022,14,AP Top 25,14,Florida State,730
2022,14,AP Top 25,15,Oregon,701
2022,14,AP Top 25,16,Oregon State,662
2022,14,AP Top 25,17,UCLA,618
2022,14,AP Top 25,18,Tulane,551
2022,14,AP Top 25,19,Notre Dame,384
2022,14,AP Top 25,20,South Carolina,358
2022,14,AP Top 25,21,Texas,316
2022,14,AP Top 25,22,UCF,170
2022,14,AP Top 25,23,UT San Antonio,145
2022,14,AP Top 25,24,North Carolina,114
2022,14,AP Top 25,25,Mississippi State,99
2022,14,Playoff Committee Rankings,1,Georgia,0
2022,14,Playoff Committee Rankings,2,Michigan,0
2022,14,Playoff Committee Rankings,3,TCU,0
2022,14,Playoff Committee Rankings,4,USC,0
2022,14,Playoff Committee Rankings,5,Ohio State,0
2022,14,Playoff Committee Rankings,6,Alabama,0
2022,14,Playoff Committee Rankings,7,Tennessee,0
2022,14,Playoff Committee Rankings,8,Penn State,0
2022,14,Playoff Committee Rankings,9,Clemson,0
2022,14,Playoff Committee Rankings,10,Kansas State,0
2022,14,Playoff Committee Rankings,11,Utah,0
2022,14,Playoff Committee Rankings,12,Washington,0
2022,14,Playoff Committee Rankings,13,Florida State,0
2022,14,Playoff Committee Rankings,14,LSU,0
2022,14,Playoff Committee Rankings,15,Oregon State,0
2022,14,Playoff Committee Rankings,16,Oregon,0
2022,14,Playoff Committee Rankings,17,UCLA,0
2022,14,Playoff Committee Rankings,18,Tulane,0
2022,14,Playoff Committee Rankings,19,South Carolina,0
2022,14,Playoff Committee Rankings,20,Texas,0
2022,14,Playoff Committee Rankings,21,Notre Dame,0
2022,14,Playoff Committee Rankings,22,UCF,0
2022,14,Playoff Committee Rankings,23,North Carolina,0
2022,14,Playoff Committee Rankings,24,Mississippi State,0
2022,14,Playoff Committee Rankings,25,NC State,0
2022,15,AP Top 25,1,Georgia,1574
2022,15,AP Top 25,2,Michigan,1513
2022,15,AP Top 25,3,TCU,1430
2022,15,AP Top 25,4,Ohio State,1398
2022,15,AP Top 25,5,Alabama,1285
2022,15,AP Top 25,6,Tennessee,1233
2022,15,AP Top 25,7,Utah,1110
2022,15,AP Top 25,8,USC,1068
2022,15,AP Top 25,9,Penn State,1063
2022,15,AP Top 25,10,Clemson,1042
2022,15,AP Top 25,11,Kansas State,1032
2022,15,AP Top 25,12,Washington,933
2022,15,AP Top 25,13,Florida State,708
2022,15,AP Top 25,14,Tulane,681
2022,15,AP Top 25,15,Oregon,670
2022,15,AP Top 25,16,LSU,660
2022,15,AP Top 25,17,Oregon State,644
2022,15,AP Top 25,18,UCLA,570
2022,15,AP Top 25,19,Notre Dame,394
2022,15,AP Top 25,20,South Carolina,382
2022,15,AP Top 25,21,Texas,305
2022,15,AP Top 25,22,UT San Antonio,227
2022,15,AP Top 25,23,Troy,158
2022,15,AP Top 25,24,Mississippi State,119
2022,15,AP Top 25,25,NC State,59
2022,15,Coaches Poll,1,Georgia,1523
2022,15,Coaches Poll,2,Michigan,1466
2022,15,Coaches Poll,3,Ohio State,1359
2022,15,Coaches Poll,4,TCU,1353
2022,15,Coaches Poll,5,Alabama,1282
2022,15,Coaches Poll,6,Tennessee,1116
2022,15,Coaches Poll,7,Penn State,1074
2022,15,Coaches Poll,8,USC,1054
2022,15,Coaches Poll,9,Kansas State,1050
2022,15,Coaches Poll,10,Utah,1044
2022,15,Coaches Poll,11,Clemson,1003
2022,15,Coaches Poll,12,Washington,864
2022,15,Coaches Poll,13,Florida State,741
2022,15,Coaches Poll,14,Oregon,661
2022,15,Coaches Poll,15,LSU,635
2022,15,Coaches Poll,16,Oregon State,629
2022,15,Coaches Poll,17,Tulane,591
2022,15,Coaches Poll,18,UCLA,541
2022,15,Coaches Poll,19,South Carolina,354
2022,15,Coaches Poll,20,Notre Dame,323
2022,15,Coaches Poll,21,Texas,300
2022,15,Coaches Poll,22,UT San Antonio,206
2022,15,Coaches Poll,23,Mississippi State,139
2022,15,Coaches Poll,24,Troy,132
2022,15,Coaches Poll,25,North Carolina,95
2022,15,Playoff Committee Rankings,1,Georgia,0
2022,15,Playoff Committee Rankings,2,Michigan,0
2022,15,Playoff Committee Rankings,3,TCU,0
2022,15,Playoff Committee Rankings,4,Ohio State,0
2022,15,Playoff Committee Rankings,5,Alabama,0
2022,15,Playoff Committee Rankings,6,Tennessee,0
2022,15,Playoff Committee Rankings,7,Clemson,0
2022,15,Playoff Committee Rankings,8,Utah,0
2022,15,Playoff Committee Rankings,9,Kansas State,0
2022,15,Playoff Committee Rankings,10,USC,0
2022,15,Playoff Committee Rankings,11,Penn State,0
2022,15,Playoff Committee Rankings,12,Washington,0
2022,15,Playoff Committee Rankings,13,Florida State,0
2022,15,Playoff Committee Rankings,14,Oregon State,0
2022,15,Playoff Committee Rankings,15,Oregon,0
2022,15,Playoff Committee Rankings,16,Tulane,0
2022,15,Playoff Committee Rankings,17,LSU,0
2022,15,Playoff Committee Rankings,18,UCLA,0
2022,15,Playoff Committee Rankings,19,South Carolina,0
2022,15,Playoff Committee Rankings,20,Texas,0
2022,15,Playoff Committee Rankings,21,Notre Dame,0
2022,15,Playoff Committee Rankings,22,Mississippi State,0
2022,15,Playoff Committee Rankings,23,NC State,0
2022,15,Playoff Committee Rankings,24,Troy,0
2022,15,Playoff Committee Rankings,25,UT San Antonio,0